Tanggal,Username,Tweet,Cleansing,Case Folding,Normalisasi,Tokenizing,Stopword,Stemming,Translate
created_at,username,full_text,fulltext,fulltext,fulltext,fulltext,fulltext,fulltext,full text
Fri Aug 02 06:46:44 +0000 2024,JatiTeodosia,@telurpecah21 @NyimasLaula Infrastuktur nya didukung dibangun terus damn bruh timnas aja baru bangun training center di ikn itu juga uangnya ga sepenuh dari pemerintah tapi dibantu fifa,Infrastuktur nya didukung dibangun terus damn bruh timnas aja baru bangun training center di ikn itu juga uangnya ga sepenuh dari pemerintah tapi dibantu fifa,infrastuktur nya didukung dibangun terus damn bruh timnas aja baru bangun training center di ikn itu juga uangnya ga sepenuh dari pemerintah tapi dibantu fifa,infrastuktur nya didukung dibangun terus damn bruh timnas aja baru bangun training center di ikn itu juga uangnya tidak sepenuh dari pemerintah tapi dibantu fifa,infrastuktur nya didukung dibangun terus damn bruh timnas aja baru bangun training center di ikn itu juga uangnya tidak sepenuh dari pemerintah tapi dibantu fifa,infrastuktur nya didukung dibangun terus damn bruh timnas aja baru bangun training center ikn juga uangnya sepenuh pemerintah dibantu fifa,infrastuktur nya dukung bangun terus damn bruh timnas aja baru bangun training center ikn juga uang sepenuh perintah bantu fifa,the infrastructure supports the building and the national team and the national team just built the ikn training center as well
Tue Jul 30 16:26:13 +0000 2024,fregnand88,@psi_id Justru IKN jauh dari kata pemerataan pembangunan. Justru uang pendidikan kesehatan infrastuktur daerah lain dll semua diambil buat membangun IKN. Salah kaprah dan salah urus kok dilanjutkan.,Justru IKN jauh dari kata pemerataan pembangunan Justru uang pendidikan kesehatan infrastuktur daerah lain dll semua diambil buat membangun IKN Salah kaprah dan salah urus kok dilanjutkan,justru ikn jauh dari kata pemerataan pembangunan justru uang pendidikan kesehatan infrastuktur daerah lain dll semua diambil buat membangun ikn salah kaprah dan salah urus kok dilanjutkan,justru ikn jauh dari kata pemerataan pembangunan justru uang pendidikan kesehatan infrastuktur daerah lain dll semua diambil buat membangun ikn salah kaprah dan salah urus kok dilanjutkan,justru ikn jauh dari kata pemerataan pembangunan justru uang pendidikan kesehatan infrastuktur daerah lain dll semua diambil buat membangun ikn salah kaprah dan salah urus kok dilanjutkan,justru ikn jauh kata pemerataan pembangunan justru uang pendidikan kesehatan infrastuktur daerah dll semua diambil buat membangun ikn salah kaprah salah urus kok dilanjutkan,justru ikn jauh kata perata bangun justru uang didik sehat infrastuktur daerah dll semua ambil buat bangun ikn salah kaprah salah urus kok lanjut,"it is precisely the word far, said the area of ​​building is actually a healthy student of regional infrastructure, etc. all take to build a wrong misinterpretation."
Mon Jul 29 05:21:30 +0000 2024,jackjackparrr,Gini pak saya kasih highlight isi ide video campaign untuk MEYAKINKAN atau membangun TRUST orang-orang supaya mau datang ke IKN terutama investor untuk mensupport 1. Infrastuktur teknologi. Internet cepat smart city solutions atau infrastruktur digital yang mendukung bisnis,Gini pak saya kasih highlight isi ide video campaign untuk MEYAKINKAN atau membangun TRUST orangorang supaya mau datang ke IKN terutama investor untuk mensupport 1 Infrastuktur teknologi Internet cepat smart city solutions atau infrastruktur digital yang mendukung bisnis,gini pak saya kasih highlight isi ide video campaign untuk meyakinkan atau membangun trust orangorang supaya mau datang ke ikn terutama investor untuk mensupport 1 infrastuktur teknologi internet cepat smart city solutions atau infrastruktur digital yang mendukung bisnis,gini pak saya kasih highlight isi ide video campaign untuk meyakinkan atau membangun trust orangorang supaya mau datang ke ikn terutama investor untuk mensupport 1 infrastuktur teknologi internet cepat smart city solutions atau infrastruktur digital yang mendukung bisnis,gini pak saya kasih highlight isi ide video campaign untuk meyakinkan atau membangun trust orangorang supaya mau datang ke ikn terutama investor untuk mensupport 1 infrastuktur teknologi internet cepat smart city solutions atau infrastruktur digital yang mendukung bisnis,gini pak kasih highlight isi ide video campaign meyakinkan membangun trust orangorang mau datang ikn terutama investor mensupport 1 infrastuktur teknologi internet cepat smart city solutions infrastruktur digital mendukung bisnis,gin pak kasih highlight isi ide video campaign yakin bangun trust orangorang mau datang ikn utama investor mensupport 1 infrastuktur teknologi internet cepat smart city solutions infrastruktur digital dukung bisnis,"gin pak kasih highlights fill in the idea of ​​video campaign, sure that people build trust people who want to come, the main investor supports 1 infrastructure of fast internet technology smart city solutions digital infrastructure supports business"
Sun Jul 28 12:28:43 +0000 2024,keuangannews_id,Jokowi Rencananya Akan Resmikan Infrastuktur Tol dan Persiapan Sidang Kabinet di IKN https://t.co/02VfSK3Qx6 lewat @Keuangan News,Jokowi Rencananya Akan Resmikan Infrastuktur Tol dan Persiapan Sidang Kabinet di IKN lewat News,jokowi rencananya akan resmikan infrastuktur tol dan persiapan sidang kabinet di ikn lewat news,jokowi rencananya akan resmikan infrastuktur tol dan persiapan sidang kabinet di ikn lewat news,jokowi rencananya akan resmikan infrastuktur tol dan persiapan sidang kabinet di ikn lewat news,jokowi rencananya resmikan infrastuktur tol persiapan sidang kabinet ikn lewat news,jokowi rencana resmi infrastuktur tol siap sidang kabinet ikn lewat news,jokowi official plan for the toll infrastructure ready for the ikn cabinet session through news
Thu Jul 25 09:22:39 +0000 2024,inilahdotcom,Presiden Joko Widodo atau Jokowi mengaku masih menunggu kesiapan infrastuktur dasar di Ibu Kota Nusantara (IKN). Kepala negara mengatakan dirinya juga tengah menanti fasilitas untuk menggelar sidang kabinet. Kalau semuanya sudah siap. Kalau kursinya belum ada gimana? duduk https://t.co/19qgl8MuAs,Presiden Joko Widodo atauJokowimengaku masih menunggu kesiapan infrastuktur dasar di Ibu Kota Nusantara IKN Kepala negara mengatakan dirinya juga tengah menanti fasilitas untuk menggelar sidang kabinet Kalau semuanya sudah siap Kalau kursinya belum ada gimana duduk,presiden joko widodo ataujokowimengaku masih menunggu kesiapan infrastuktur dasar di ibu kota nusantara ikn kepala negara mengatakan dirinya juga tengah menanti fasilitas untuk menggelar sidang kabinet kalau semuanya sudah siap kalau kursinya belum ada gimana duduk,presiden joko widodo ataujokowimengaku masih menunggu kesiapan infrastuktur dasar di ibu kota nusantara ikn kepala negara mengatakan dirinya juga tengah menanti fasilitas untuk menggelar sidang kabinet kalau semuanya sudah siap kalau kursinya belum ada gimana duduk,presiden joko widodo ataujokowimengaku masih menunggu kesiapan infrastuktur dasar di ibu kota nusantara ikn kepala negara mengatakan dirinya juga tengah menanti fasilitas untuk menggelar sidang kabinet kalau semuanya sudah siap kalau kursinya belum ada gimana duduk,presiden joko widodo ataujokowimengaku menunggu kesiapan infrastuktur dasar ibu kota nusantara ikn kepala negara mengatakan dirinya tengah menanti fasilitas menggelar sidang kabinet kalau semuanya siap kalau kursinya ada gimana duduk,presiden joko widodo ataujokowimengaku tunggu kesiap infrastuktur dasar ibu kota nusantara ikn kepala negara kata diri tengah nanti fasilitas gelar sidang kabinet kalau semua siap kalau kursi ada gimana duduk,"president joko widodo orujokowimaku is waiting for the basic infrastructure of the capital city of the archipelago, the head of state, the head of the self -words, the cabinet session facility, if everything is ready if there is a seat, how do you sit down"
Sun Jul 14 11:43:24 +0000 2024,marrymejaemin,Alih alih membangun infrastuktur merata di seluruh kalimantan pemrentah malah bangun IKN. Kelen makan la tu istana baru dinasti kocak,Alih alih membangun infrastuktur merata di seluruh kalimantan pemrentah malah bangun IKN Kelen makan la tu istana baru dinasti kocak,alih alih membangun infrastuktur merata di seluruh kalimantan pemrentah malah bangun ikn kelen makan la tu istana baru dinasti kocak,alih alih membangun infrastuktur merata di seluruh kalimantan pemrentah malah bangun ikn kalian makan la tu istana baru dinasti kocak,alih alih membangun infrastuktur merata di seluruh kalimantan pemrentah malah bangun ikn kalian makan la tu istana baru dinasti kocak,alih alih membangun infrastuktur merata seluruh kalimantan pemrentah malah bangun ikn kalian makan la tu istana baru dinasti kocak,alih alih bangun infrastuktur rata seluruh kalimantan pemrentah malah bangun ikn kalian makan la tu istana baru dinasti kocak,"instead of building flat infrastructure, the entire kalimantan government instead built you to eat la tu tu new palace"
Fri Jul 12 13:15:00 +0000 2024,seide_id,Infrastuktur Belum Siap Jokowi Batal Pindah ke IKN di Bulan Juli ini https://t.co/hRvXVxxAYm,Infrastuktur Belum Siap Jokowi Batal Pindah ke IKN di Bulan Juli ini,infrastuktur belum siap jokowi batal pindah ke ikn di bulan juli ini,infrastuktur belum siap jokowi batal pindah ke ikn di bulan juli ini,infrastuktur belum siap jokowi batal pindah ke ikn di bulan juli ini,infrastuktur siap jokowi batal pindah ikn bulan juli,infrastuktur siap jokowi batal pindah ikn bulan juli,jokowi's ready infrastructure canceled moving in july
Wed Jul 10 23:55:02 +0000 2024,zola_papazola2,@tempodotco ini makin menunjukkan bahwa proyek IKN banyak masalah. selain tidak ad investor asing yg minat dalam pembangunan nya juga banyak kekurangan yg tidak siap. spertinya dibangun ngasal secara partial tidak terintegrasi dengan fasilitas dan infrastuktur https://t.co/nwj413pPbd,ini makin menunjukkan bahwa proyek IKN banyak masalah selain tidak ad investor asing yg minat dalam pembangunan nya juga banyak kekurangan yg tidak siap spertinya dibangun ngasal secara partial tidak terintegrasi dengan fasilitas dan infrastuktur,ini makin menunjukkan bahwa proyek ikn banyak masalah selain tidak ad investor asing yg minat dalam pembangunan nya juga banyak kekurangan yg tidak siap spertinya dibangun ngasal secara partial tidak terintegrasi dengan fasilitas dan infrastuktur,ini makin menunjukkan bahwa proyek ikn banyak masalah selain tidak ad investor asing yang minat dalam pembangunan nya juga banyak kekurangan yang tidak siap spertinya dibangun ngasal secara partial tidak terintegrasi dengan fasilitas dan infrastuktur,ini makin menunjukkan bahwa proyek ikn banyak masalah selain tidak ad investor asing yang minat dalam pembangunan nya juga banyak kekurangan yang tidak siap spertinya dibangun ngasal secara partial tidak terintegrasi dengan fasilitas dan infrastuktur,makin menunjukkan proyek ikn banyak masalah ad investor asing minat pembangunan nya banyak kekurangan tidak siap spertinya dibangun ngasal partial tidak terintegrasi fasilitas infrastuktur,makin tunjuk proyek ikn banyak masalah ad investor asing minat bangun nya banyak kurang tidak siap spertinya bangun ngasal partial tidak integrasi fasilitas infrastuktur,"the more the ikn project is a lot of foreign advertent problems, the interest in building is not ready to build a partial ngasal not integration of infrastructure facilities"
Wed Jul 10 11:12:48 +0000 2024,garudatvnews,Presiden Jokowi Pastikan kesiapan Infrastuktur IKN Jelang Pemindahan Ibu Kota https://t.co/3NgOXo4tLS https://t.co/B480lkP3M7,Presiden Jokowi Pastikan kesiapan Infrastuktur IKN Jelang Pemindahan Ibu Kota,presiden jokowi pastikan kesiapan infrastuktur ikn jelang pemindahan ibu kota,presiden jokowi pastikan kesiapan infrastuktur ikn jelang pemindahan ibu kota,presiden jokowi pastikan kesiapan infrastuktur ikn jelang pemindahan ibu kota,presiden jokowi pastikan kesiapan infrastuktur ikn jelang pemindahan ibu kota,presiden jokowi pasti kesiap infrastuktur ikn jelang pindah ibu kota,president jokowi must have prepared ikn infrastructure ahead of moving the capital city
Wed Jul 10 09:49:49 +0000 2024,dancersejati07,Juli 50 tahun lagi. 9 Juli 2024: Jokowi Sebut Akan Pindah ke IKN Saat Infrastuktur Telah Rampung https://t.co/87f6OgUguN #TagihJokowiJuliDiIKN #TagihJokowiJuliDiIKN,Juli 50 tahun lagi 9 Juli 2024 Jokowi Sebut Akan Pindah ke IKN Saat Infrastuktur Telah Rampung,juli 50 tahun lagi 9 juli 2024 jokowi sebut akan pindah ke ikn saat infrastuktur telah rampung,juli 50 tahun lagi 9 juli 2024 jokowi sebut akan pindah ke ikn saat infrastuktur telah rampung,juli 50 tahun lagi 9 juli 2024 jokowi sebut akan pindah ke ikn saat infrastuktur telah rampung,juli 50 tahun 9 juli 2024 jokowi sebut pindah ikn infrastuktur rampung,juli 50 tahun 9 juli 2024 jokowi sebut pindah ikn infrastuktur rampung,july 50 year 9 july 2024 jokowi moving ikn infrastructure completed
Wed Jul 10 09:48:28 +0000 2024,dancersejati07,Berarti Juli 50 tahun lagi. 9 Juli 2024: Jokowi Sebut Akan Pindah ke IKN Saat Infrastuktur Telah Rampung https://t.co/87f6OgUguN #TagihJokowiJuliDiIKN #TagihJokowiJuliDiIKN,Berarti Juli 50 tahun lagi 9 Juli 2024 Jokowi Sebut Akan Pindah ke IKN Saat Infrastuktur Telah Rampung,berarti juli 50 tahun lagi 9 juli 2024 jokowi sebut akan pindah ke ikn saat infrastuktur telah rampung,berarti juli 50 tahun lagi 9 juli 2024 jokowi sebut akan pindah ke ikn saat infrastuktur telah rampung,berarti juli 50 tahun lagi 9 juli 2024 jokowi sebut akan pindah ke ikn saat infrastuktur telah rampung,berarti juli 50 tahun 9 juli 2024 jokowi sebut pindah ikn infrastuktur rampung,arti juli 50 tahun 9 juli 2024 jokowi sebut pindah ikn infrastuktur rampung,"the meaning of july 50 years july 9, 2024 jokowi moving ikn infrasturuity completed"
Wed Jul 10 03:36:02 +0000 2024,Srik4ndiMuslim2,Juli 1.000 tahun lagi? Gak usah deh. 9 Juli 2024: Jokowi Sebut Akan Pindah ke IKN Saat Infrastuktur Telah Rampung https://t.co/DDOo5jk7Lm #TagihJokowiJuliDiIKN #TagihJokowiJuliDiIKN,Juli 1000 tahun lagi Gak usah deh 9 Juli 2024 Jokowi Sebut Akan Pindah ke IKN Saat Infrastuktur Telah Rampung,juli 1000 tahun lagi gak usah deh 9 juli 2024 jokowi sebut akan pindah ke ikn saat infrastuktur telah rampung,juli 1000 tahun lagi tidak usah deh 9 juli 2024 jokowi sebut akan pindah ke ikn saat infrastuktur telah rampung,juli 1000 tahun lagi tidak usah deh 9 juli 2024 jokowi sebut akan pindah ke ikn saat infrastuktur telah rampung,juli 1000 tahun tidak usah deh 9 juli 2024 jokowi sebut pindah ikn infrastuktur rampung,juli 1000 tahun tidak usah deh 9 juli 2024 jokowi sebut pindah ikn infrastuktur rampung,"july 1000 years does not need to be july 9, 2024 jokowi moving ikn infrasturuity completed"
Tue Jul 09 07:07:34 +0000 2024,KinkinAsikin1,@tempodotco Kapan infrastuktur IKN rampung? Sepertinya Jokowi keburu lengser,Kapan infrastuktur IKN rampung Sepertinya Jokowi keburu lengser,kapan infrastuktur ikn rampung sepertinya jokowi keburu lengser,kapan infrastuktur ikn rampung sepertinya jokowi keburu lengser,kapan infrastuktur ikn rampung sepertinya jokowi keburu lengser,kapan infrastuktur ikn rampung sepertinya jokowi keburu lengser,kapan infrastuktur ikn rampung seperti jokowi keburu lengser,when will ikn infrastructure be completed like jokowi hurriedly stepped down
Tue Jul 09 00:10:40 +0000 2024,JokoLipService,Jokowi batal pindah kantor ke IKN bulan ini terkendala infrastuktur belum siap. Mau pindah aja ngga pakai perhitungan. Bicara sih gampang Juli. https://t.co/T5ng4qYEqJ,Jokowi batal pindah kantor ke IKN bulan ini terkendala infrastuktur belum siap Mau pindah aja ngga pakai perhitungan Bicara sih gampang Juli,jokowi batal pindah kantor ke ikn bulan ini terkendala infrastuktur belum siap mau pindah aja ngga pakai perhitungan bicara sih gampang juli,jokowi batal pindah kantor ke ikn bulan ini terkendala infrastuktur belum siap mau pindah aja ngga pakai perhitungan bicara sih gampang juli,jokowi batal pindah kantor ke ikn bulan ini terkendala infrastuktur belum siap mau pindah aja ngga pakai perhitungan bicara sih gampang juli,jokowi batal pindah kantor ikn bulan terkendala infrastuktur siap mau pindah aja ngga pakai perhitungan bicara sih gampang juli,jokowi batal pindah kantor ikn bulan kendala infrastuktur siap mau pindah aja ngga pakai hitung bicara sih gampang juli,jokowi canceled moving offices for the month of infrastructure constraints ready to move or not to use the calculation of talking it's easy july
Tue Jul 09 00:08:20 +0000 2024,PawiroTumin,@tempodotco Bapak Jokowi infrastuktur akan siap si IKN itu mungkin bertahun tahun lagi dan prediksi saya IKN akan mangkrak??? Apa bpk percaya Prabowo akan melanjutkan IKN uang dari mana......?,Bapak Jokowi infrastuktur akan siap si IKN itu mungkin bertahun tahun lagi dan prediksi saya IKN akan mangkrak Apa bpk percaya Prabowo akan melanjutkan IKN uang dari mana,bapak jokowi infrastuktur akan siap si ikn itu mungkin bertahun tahun lagi dan prediksi saya ikn akan mangkrak apa bpk percaya prabowo akan melanjutkan ikn uang dari mana,bapak jokowi infrastuktur akan siap si ikn itu mungkin bertahun tahun lagi dan prediksi saya ikn akan mangkrak apa bpk percaya prabowo akan melanjutkan ikn uang dari mana,bapak jokowi infrastuktur akan siap si ikn itu mungkin bertahun tahun lagi dan prediksi saya ikn akan mangkrak apa bpk percaya prabowo akan melanjutkan ikn uang dari mana,bapak jokowi infrastuktur siap si ikn mungkin bertahun tahun dan prediksi ikn mangkrak apa bpk percaya prabowo melanjutkan ikn uang mana,bapak jokowi infrastuktur siap si ikn mungkin tahun tahun dan prediksi ikn mangkrak apa bpk percaya prabowo lanjut ikn uang mana,mr. jokowi infrastructure is ready in the ikn may be years and the prediction of ikn stalled whether bpk believes prabowo continued which money
Mon Jul 08 23:04:14 +0000 2024,tempodotco,Jokowi Sebut Akan Pindah ke IKN Saat Infrastuktur Telah Rampung https://t.co/0nEtrkNTBu #TempoVideo,Jokowi Sebut Akan Pindah ke IKN Saat Infrastuktur Telah Rampung,jokowi sebut akan pindah ke ikn saat infrastuktur telah rampung,jokowi sebut akan pindah ke ikn saat infrastuktur telah rampung,jokowi sebut akan pindah ke ikn saat infrastuktur telah rampung,jokowi sebut pindah ikn infrastuktur rampung,jokowi sebut pindah ikn infrastuktur rampung,jokowi said that the infrastructure was completed
Sun Jul 07 07:54:50 +0000 2024,RadioElshinta,Janga Lewatkan #PowerBreakfast Senin (8/7) bersama Ketua Satgas Pelaksanaan Pembangunan Infrastuktur Ibu Kota Negara (IKN) Danis Hidayat Sumdadilaga. LIVE di Radio Elshinta 90 FM dan Media Sosial Elshinta! https://t.co/IQeHpojZGh,Janga Lewatkan Senin 87 bersama Ketua Satgas Pelaksanaan Pembangunan Infrastuktur Ibu Kota Negara IKN Danis Hidayat Sumdadilaga LIVE di Radio Elshinta 90 FM dan Media Sosial Elshinta,janga lewatkan senin 87 bersama ketua satgas pelaksanaan pembangunan infrastuktur ibu kota negara ikn danis hidayat sumdadilaga live di radio elshinta 90 fm dan media sosial elshinta,janga lewatkan senin 87 bersama ketua satgas pelaksanaan pembangunan infrastuktur ibu kota negara ikn danis hidayat sumdadilaga live di radio elshinta 90 fm dan media sosial elshinta,janga lewatkan senin 87 bersama ketua satgas pelaksanaan pembangunan infrastuktur ibu kota negara ikn danis hidayat sumdadilaga live di radio elshinta 90 fm dan media sosial elshinta,janga lewatkan senin 87 bersama ketua satgas pelaksanaan pembangunan infrastuktur ibu kota negara ikn danis hidayat sumdadilaga live radio elshinta 90 fm media sosial elshinta,janga lewat senin 87 sama ketua satgas laksana bangun infrastuktur ibu kota negara ikn dan hidayat sumdadilaga live radio elshinta 90 fm media sosial elshinta,do not go here 87 with the chairperson of the task force like building infrastructure capital city ikn and hidayat sumdadilaga live radio elshinta 90 fm social media elshinta
Fri Jul 05 06:47:18 +0000 2024,ruangantihoax,@ewangiggs jgn diputarbalikkan bung. justru diprediksi produksi akan meningkat krn bnyaknya permintaan dr ikn seiring kemudahan akomodasi transport infrastuktur apalagi mulai pindahnya para ASN TNI dan Polri ke IKN agustus nanti.,jgn diputarbalikkan bung justru diprediksi produksi akan meningkat krn bnyaknya permintaan dr ikn seiring kemudahan akomodasi transport infrastuktur apalagi mulai pindahnya para ASN TNI dan Polri ke IKN agustus nanti,jgn diputarbalikkan bung justru diprediksi produksi akan meningkat krn bnyaknya permintaan dr ikn seiring kemudahan akomodasi transport infrastuktur apalagi mulai pindahnya para asn tni dan polri ke ikn agustus nanti,jgn diputarbalikkan bung justru diprediksi produksi akan meningkat krn bnyaknya permintaan dr ikn seiring kemudahan akomodasi transport infrastuktur apalagi mulai pindahnya para asn tni dan polri ke ikn agustus nanti,jgn diputarbalikkan bung justru diprediksi produksi akan meningkat krn bnyaknya permintaan dr ikn seiring kemudahan akomodasi transport infrastuktur apalagi mulai pindahnya para asn tni dan polri ke ikn agustus nanti,jgn diputarbalikkan bung justru diprediksi produksi meningkat krn bnyaknya permintaan dr ikn seiring kemudahan akomodasi transport infrastuktur mulai pindahnya asn tni polri ikn agustus,jgn diputarbalikkan bung justru prediksi produksi tingkat krn bnyaknya minta dr ikn iring mudah akomodasi transport infrastuktur mulai pindah asn tni polri ikn agustus,"do not turn around, dude, the prediction of production levels because many are asking for an easy accommodation of infrastructure transport accommodation starting to move asn tni polri ikn august"
Thu Jul 04 09:18:21 +0000 2024,sokoguruid,DPR Nilai Pembangunan Infrastruktur IKN Berjalan Lambat https://t.co/zLsBp8FG46 Pemerintah harus menunjukkan keseriusan dalam mengejar target pembangunan infrastruktur IKN terutama menjelang perayaan HUT ke-79 Kemerdekaan RI. #InfrastukturIKN #Pembangunan https://t.co/YJDHWhRQr5,DPR Nilai Pembangunan Infrastruktur IKN Berjalan Lambat Pemerintah harus menunjukkan keseriusan dalam mengejar target pembangunan infrastruktur IKN terutama menjelang perayaan HUT ke79 Kemerdekaan RI,dpr nilai pembangunan infrastruktur ikn berjalan lambat pemerintah harus menunjukkan keseriusan dalam mengejar target pembangunan infrastruktur ikn terutama menjelang perayaan hut ke79 kemerdekaan ri,dpr nilai pembangunan infrastruktur ikn berjalan lambat pemerintah harus menunjukkan keseriusan dalam mengejar target pembangunan infrastruktur ikn terutama menjelang perayaan hut ke79 kemerdekaan ri,dpr nilai pembangunan infrastruktur ikn berjalan lambat pemerintah harus menunjukkan keseriusan dalam mengejar target pembangunan infrastruktur ikn terutama menjelang perayaan hut ke79 kemerdekaan ri,dpr nilai pembangunan infrastruktur ikn berjalan lambat pemerintah menunjukkan keseriusan mengejar target pembangunan infrastruktur ikn terutama menjelang perayaan hut ke79 kemerdekaan ri,dpr nilai bangun infrastruktur ikn jalan lambat perintah tunjuk serius kejar target bangun infrastruktur ikn utama jelang raya hut ke79 merdeka ri,dpr builds ikn infrastructure value slow roads order seriously chase the target of building ikn utama infrastructure ahead of the 79th anniversary of merdeka
Wed Jul 03 07:17:46 +0000 2024,Metro_TV,Anggota Komisi V DPR RI melakukan kunjungan kerja spesifik ke Ibu Kota Nusantara (IKN) dalam rangka meninjau langsung progress pembangunan infrastuktur yang sedang telah dan akan dilakukan. #dprri #komisivdprri #ikn #ibukotanusantara #pembangunanikn https://t.co/fN2Zkc4Vlb,Anggota Komisi V DPR RI melakukan kunjungan kerja spesifik ke Ibu Kota Nusantara IKN dalam rangka meninjau langsung progress pembangunan infrastuktur yang sedang telah dan akan dilakukan,anggota komisi v dpr ri melakukan kunjungan kerja spesifik ke ibu kota nusantara ikn dalam rangka meninjau langsung progress pembangunan infrastuktur yang sedang telah dan akan dilakukan,anggota komisi v dpr republik indonesia melakukan kunjungan kerja spesifik ke ibu kota nusantara ikn dalam rangka meninjau langsung progress pembangunan infrastuktur yang sedang telah dan akan dilakukan,anggota komisi v dpr republik indonesia melakukan kunjungan kerja spesifik ke ibu kota nusantara ikn dalam rangka meninjau langsung progress pembangunan infrastuktur yang sedang telah dan akan dilakukan,anggota komisi v dpr republik indonesia melakukan kunjungan kerja spesifik ibu kota nusantara ikn rangka meninjau langsung progress pembangunan infrastuktur sedang dan dilakukan,anggota komisi v dpr republik indonesia laku kunjung kerja spesifik ibu kota nusantara ikn rangka tinjau langsung progress bangun infrastuktur sedang dan laku,"member of commission v dpr of the republic of indonesia, sells specific work of the capital city of the archipelago, ikn, the progress of building infrastructure is in direct and behavior"
Mon Jan 29 14:55:10 +0000 2024,anggisdinata,@geloraco Banyak proyek infrastuktur jokowi yang gagal/tidak menguntungkan bukannya belajar dari pengalaman malah semakin jorjoran bangun IKN.,Banyak proyek infrastuktur jokowi yang gagaltidak menguntungkan bukannya belajar dari pengalaman malah semakin jorjoran bangun IKN,banyak proyek infrastuktur jokowi yang gagaltidak menguntungkan bukannya belajar dari pengalaman malah semakin jorjoran bangun ikn,banyak proyek infrastuktur jokowi yang gagaltidak menguntungkan bukannya belajar dari pengalaman malah semakin jorjoran bangun ikn,banyak proyek infrastuktur jokowi yang gagaltidak menguntungkan bukannya belajar dari pengalaman malah semakin jorjoran bangun ikn,banyak proyek infrastuktur jokowi gagaltidak menguntungkan bukannya belajar pengalaman malah semakin jorjoran bangun ikn,banyak proyek infrastuktur jokowi gagaltidak untung bukan ajar alam malah makin jorjoran bangun ikn,many jokowi's infrastructure projects failed not for natural teaching materials even more and more
Wed Jan 24 04:59:21 +0000 2024,fakhrulrj,Mereka jg bilang kalo IKN ini jd terealisasi kemungkinan mereka &amp; anak2 mereka akan jd gelandangan yg skrg ada dijakarta. Jgn bilang kalo mereka cm mengeluh tanpa berusaha karna jk mereka tertinggal itu jg karna pemerintah cm mementingkan infrastuktur tanpa peduli kualitas SDMnya,Mereka jg bilang kalo IKN ini jd terealisasi kemungkinan mereka amp anak2 mereka akan jd gelandangan yg skrg ada dijakarta Jgn bilang kalo mereka cm mengeluh tanpa berusaha karna jk mereka tertinggal itu jg karna pemerintah cm mementingkan infrastuktur tanpa peduli kualitas SDMnya,mereka jg bilang kalo ikn ini jd terealisasi kemungkinan mereka amp anak2 mereka akan jd gelandangan yg skrg ada dijakarta jgn bilang kalo mereka cm mengeluh tanpa berusaha karna jk mereka tertinggal itu jg karna pemerintah cm mementingkan infrastuktur tanpa peduli kualitas sdmnya,mereka jg bilang kalo ikn ini jadi terealisasi kemungkinan mereka amp anak2 mereka akan jadi gelandangan yang skrg ada dijakarta jgn bilang kalo mereka cm mengeluh tanpa berusaha karna jika mereka tertinggal itu jg karna pemerintah cm mementingkan infrastuktur tanpa peduli kualitas sdmnya,mereka jg bilang kalo ikn ini jadi terealisasi kemungkinan mereka amp anak2 mereka akan jadi gelandangan yang skrg ada dijakarta jgn bilang kalo mereka cm mengeluh tanpa berusaha karna jika mereka tertinggal itu jg karna pemerintah cm mementingkan infrastuktur tanpa peduli kualitas sdmnya,jg bilang kalo ikn jadi terealisasi kemungkinan amp anak2 akan jadi gelandangan skrg dijakarta jgn bilang kalo cm mengeluh berusaha karna mereka tertinggal jg karna pemerintah cm mementingkan infrastuktur peduli kualitas sdmnya,jg bilang kalo ikn jadi realisasi mungkin amp anak2 akan jadi gelandang skrg dijakarta jgn bilang kalo cm keluh usaha karna mereka tinggal jg karna perintah cm penting infrastuktur peduli kualitas sdmnya,"i also said that if ikn is a realization, maybe the children will be a midfielder now, don't say that if you complain about business because they live because the order is important to infrastructure the quality of the human resources"
Sun Jan 21 12:26:10 +0000 2024,officialntv_,Kemudian ia juga mewaspadai terkait pembangunan Ibu Kota Negara (IKN) Nusantara yang dapat memicu konflik agraria yang baru. #BreakingNews #DebatCawapres #MuhaiminIskandar #GibranRakabuming #MahfudMD #KPU #IKN #infrastuktur #pangan #hutan #nusantaratv,Kemudian ia juga mewaspadai terkait pembangunan Ibu Kota Negara IKN Nusantara yang dapat memicu konflik agraria yang baru,kemudian ia juga mewaspadai terkait pembangunan ibu kota negara ikn nusantara yang dapat memicu konflik agraria yang baru,kemudian ia juga mewaspadai terkait pembangunan ibu kota negara ikn nusantara yang dapat memicu konflik agraria yang baru,kemudian ia juga mewaspadai terkait pembangunan ibu kota negara ikn nusantara yang dapat memicu konflik agraria yang baru,kemudian juga mewaspadai terkait pembangunan ibu kota negara ikn nusantara dapat memicu konflik agraria baru,kemudian juga waspada kait bangun ibu kota negara ikn nusantara dapat picu konflik agraria baru,then also alert to the hook of the capital city of the country of ikn nusantara can trigger new agrarian conflicts
Thu Jan 18 09:42:18 +0000 2024,zenondown,@tempodotco Gimana mau bngun IKN klo panglima infrastuktur mundur. Kapal mulai Oleng ... Nahkodanya Sambil mabok .. ABK pada mulai loncat satu persatu,Gimana mau bngun IKN klo panglima infrastuktur mundur Kapal mulai Oleng Nahkodanya Sambil mabok ABK pada mulai loncat satu persatu,gimana mau bngun ikn klo panglima infrastuktur mundur kapal mulai oleng nahkodanya sambil mabok abk pada mulai loncat satu persatu,gimana mau bngun ikn klo panglima infrastuktur mundur kapal mulai oleng nahkodanya sambil mabok abk pada mulai loncat satu persatu,gimana mau bngun ikn klo panglima infrastuktur mundur kapal mulai oleng nahkodanya sambil mabok abk pada mulai loncat satu persatu,gimana mau bngun ikn klo panglima infrastuktur mundur kapal mulai oleng nahkodanya mabok abk mulai loncat satu persatu,gimana mau bngun ikn klo panglima infrastuktur mundur kapal mulai oleng nahkoda mabok abk mulai loncat satu satu,how do you want to use if the commander of the infrastructure backwards the ship starts to shake the captain of the drunken captures
Sat Jan 06 22:23:10 +0000 2024,healingdisosmed,@sosmedkeras Pembangunan pulau Jawa yg besar²an dan selalu update mngkin krena menjadi pusat pemerintahan ya? Biar dipandang bagus sama negara luar. Tapi semoga dngn adanya IKN di Kalimantan infrastuktur nya jadi semakin merata (gak cuman jalan tol tapi transportasi lainnya juga berkembang),Pembangunan pulau Jawa yg besaran dan selalu update mngkin krena menjadi pusat pemerintahan ya Biar dipandang bagus sama negara luar Tapi semoga dngn adanya IKN di Kalimantan infrastuktur nya jadi semakin merata gak cuman jalan tol tapi transportasi lainnya juga berkembang,pembangunan pulau jawa yg besaran dan selalu update mngkin krena menjadi pusat pemerintahan ya biar dipandang bagus sama negara luar tapi semoga dngn adanya ikn di kalimantan infrastuktur nya jadi semakin merata gak cuman jalan tol tapi transportasi lainnya juga berkembang,pembangunan pulau jawa yang besaran dan selalu update mngkin krena menjadi pusat pemerintahan ya biar dipandang bagus sama negara luar tapi semoga dngn adanya ikn di kalimantan infrastuktur nya jadi semakin merata tidak cuman jalan tol tapi transportasi lainnya juga berkembang,pembangunan pulau jawa yang besaran dan selalu update mngkin krena menjadi pusat pemerintahan ya biar dipandang bagus sama negara luar tapi semoga dngn adanya ikn di kalimantan infrastuktur nya jadi semakin merata tidak cuman jalan tol tapi transportasi lainnya juga berkembang,pembangunan pulau jawa besaran selalu update mngkin krena menjadi pusat pemerintahan biar dipandang bagus sama negara luar semoga dngn adanya ikn kalimantan infrastuktur nya jadi semakin merata cuman jalan tol transportasi lainnya berkembang,bangun pulau jawa besar selalu update mngkin krena jadi pusat perintah biar pandang bagus sama negara luar moga dngn ada ikn kalimantan infrastuktur nya jadi makin rata cuman jalan tol transportasi lain kembang,"building the large island of java always updates it because it becomes a center of order to make a good point of view with the country outside, hopefully there is a kalimantan infrastructure so that it is even more even more transportation toll road flowers"
Fri Jan 05 12:25:40 +0000 2024,Picalistic,Mari berkhayal.. Gue klo jd pr3siden bakal fokus dg masalah pendidikan (khususny masalah sekolah 3T dan kurikulum nya) lapangan pekerjaan (pengangguran banyak) infrastuktur (ngelanjutin pembangunan pak Jk dan IKN) dan militer (kita mau pindah ibukota trus wilayah kita rawan),Mari berkhayal Gue klo jd pr3siden bakal fokus dg masalah pendidikan khususny masalah sekolah 3T dan kurikulum nya lapangan pekerjaan pengangguran banyak infrastuktur ngelanjutin pembangunan pak Jk dan IKN dan militer kita mau pindah ibukota trus wilayah kita rawan,mari berkhayal gue klo jd pr3siden bakal fokus dg masalah pendidikan khususny masalah sekolah 3t dan kurikulum nya lapangan pekerjaan pengangguran banyak infrastuktur ngelanjutin pembangunan pak jk dan ikn dan militer kita mau pindah ibukota trus wilayah kita rawan,mari berkhayal saya klo jadi pr3siden bakal fokus dengan masalah pendidikan khususny masalah sekolah 3t dan kurikulum nya lapangan pekerjaan pengangguran banyak infrastuktur ngelanjutin pembangunan pak jika dan ikn dan militer kita mau pindah ibukota terus wilayah kita rawan,mari berkhayal saya klo jadi pr3siden bakal fokus dengan masalah pendidikan khususny masalah sekolah 3t dan kurikulum nya lapangan pekerjaan pengangguran banyak infrastuktur ngelanjutin pembangunan pak jika dan ikn dan militer kita mau pindah ibukota terus wilayah kita rawan,berkhayal klo jadi pr3siden bakal fokus masalah pendidikan khususny masalah sekolah 3t kurikulum nya lapangan pekerjaan pengangguran banyak infrastuktur ngelanjutin pembangunan pak ikn dan militer mau pindah ibukota terus wilayah rawan,khayal klo jadi pr3siden bakal fokus masalah didik khususny masalah sekolah 3t kurikulum nya lapang kerja anggur banyak infrastuktur ngelanjutin bangun pak ikn dan militer mau pindah ibukota terus wilayah rawan,fierce if it becomes a pr3sident will focus on the problem of students specifically the 3t school of school curriculum work field work work many infrastructure continuing to build mr. ikn and the military want to move the capital and continue to be vulnerable
Thu Dec 28 14:18:27 +0000 2023,diantaratitik,@fajarnugros Infrastuktur buat apa kalau mau berobat harus terbang dulu ke IKN? Ya mending batalin IKN bangun rumah sakit kelas A disetiap ibu kota provinsi atau disetiap daerah yang butuh. IKN butuh dana 500T lebih 1 rumah sakit kelas butuh 1T doang. Pilih mana? Gimana? ,Infrastuktur buat apa kalau mau berobat harus terbang dulu ke IKN Ya mending batalin IKN bangun rumah sakit kelas A disetiap ibu kota provinsi atau disetiap daerah yang butuh IKN butuh dana 500T lebih 1 rumah sakit kelas butuh 1T doang Pilih mana Gimana,infrastuktur buat apa kalau mau berobat harus terbang dulu ke ikn ya mending batalin ikn bangun rumah sakit kelas a disetiap ibu kota provinsi atau disetiap daerah yang butuh ikn butuh dana 500t lebih 1 rumah sakit kelas butuh 1t doang pilih mana gimana,infrastuktur buat apa kalau mau berobat harus terbang dulu ke ikn ya mending batalin ikn bangun rumah sakit kelas a disetiap ibu kota provinsi atau disetiap daerah yang butuh ikn butuh dana 500t lebih 1 rumah sakit kelas butuh 1t doang pilih mana gimana,infrastuktur buat apa kalau mau berobat harus terbang dulu ke ikn ya mending batalin ikn bangun rumah sakit kelas a disetiap ibu kota provinsi atau disetiap daerah yang butuh ikn butuh dana 500t lebih 1 rumah sakit kelas butuh 1t doang pilih mana gimana,infrastuktur buat apa kalau mau berobat terbang dulu ikn mending batalin ikn bangun rumah sakit kelas a disetiap ibu kota provinsi disetiap daerah butuh ikn butuh dana 500t lebih 1 rumah sakit kelas butuh 1t doang pilih mana gimana,infrastuktur buat apa kalau mau obat terbang dulu ikn mending batalin ikn bangun rumah sakit kelas a tiap ibu kota provinsi tiap daerah butuh ikn butuh dana 500t lebih 1 rumah sakit kelas butuh 1t doang pilih mana gimana,"infrastructure for what if you want to fly medicine first, it is better to cancel the building of a class a hospital for each provincial capital, each region needs to need 500t funds more than 1 class hospital needs 1t."
Thu Dec 28 07:39:44 +0000 2023,NelfidaDjamil,@sociotalker Kuereeen banget jawabnnya prof langsung ke ulu hati. Bisa2nya mrk memvisikan orang dr papua berobatnya ke IKN kenapa nggk bangun infrastuktur termasuk RS yg lengkap di tiap2 kota termasuk di Papua sehingga kalau sakit mrk tdk perlu berobat keluar daerahnya.,Kuereeen banget jawabnnya prof langsung ke ulu hati Bisa2nya mrk memvisikan orang dr papua berobatnya ke IKN kenapa nggk bangun infrastuktur termasuk RS yg lengkap di tiap2 kota termasuk di Papua sehingga kalau sakit mrk tdk perlu berobat keluar daerahnya,kuereeen banget jawabnnya prof langsung ke ulu hati bisa2nya mrk memvisikan orang dr papua berobatnya ke ikn kenapa nggk bangun infrastuktur termasuk rs yg lengkap di tiap2 kota termasuk di papua sehingga kalau sakit mrk tdk perlu berobat keluar daerahnya,kuereeen banget jawabnnya prof langsung ke ulu hati bisa2nya mrk memvisikan orang dr papua berobatnya ke ikn kenapa nggk bangun infrastuktur termasuk rs yang lengkap di tiap2 kota termasuk di papua sehingga kalau sakit mrk tdk perlu berobat keluar daerahnya,kuereeen banget jawabnnya prof langsung ke ulu hati bisa2nya mrk memvisikan orang dr papua berobatnya ke ikn kenapa nggk bangun infrastuktur termasuk rs yang lengkap di tiap2 kota termasuk di papua sehingga kalau sakit mrk tdk perlu berobat keluar daerahnya,kuereeen banget jawabnnya prof langsung ulu hati bisa2nya mrk memvisikan orang dr papua berobatnya ikn nggk bangun infrastuktur termasuk rs lengkap tiap2 kota termasuk papua kalau sakit mrk tdk perlu berobat keluar daerahnya,kuereeen banget jawabnnya prof langsung ulu hati bisa2nya mrk visi orang dr papua obat ikn nggk bangun infrastuktur masuk rs lengkap tiap2 kota masuk papua kalau sakit mrk tdk perlu obat keluar daerah,"really the answer is that the answer is that the solar plexus can immediately be the vision of people from papua drugs, not to build infrastructure to enter the complete hospital, every city enters papua if they are sick, they don't need drugs out of the area"
Tue Dec 26 10:56:58 +0000 2023,HaikalAlbara,@Yurissa_Samosir @AdamVelcro @AdeDhani9 @AkalSehat2024 @aking_adit @chaidar_2000 @Kang_Toniee @NohCeukenohhh @RidNgemil @choymarkochoy Apakah standar untuk bisa jadi Presiden adalah melanjutkan/stop IKN? Masih banyak program2 lain bukan hanya IKN Rumah Sakit/Puskesmas Sekolah Pupuk subsidi rumah BBM Subsidi infrastuktur jalan dll,Apakah standar untuk bisa jadi Presiden adalah melanjutkanstop IKN Masih banyak program2 lain bukan hanya IKN Rumah SakitPuskesmas Sekolah Pupuk subsidi rumah BBM Subsidi infrastuktur jalan dll,apakah standar untuk bisa jadi presiden adalah melanjutkanstop ikn masih banyak program2 lain bukan hanya ikn rumah sakitpuskesmas sekolah pupuk subsidi rumah bbm subsidi infrastuktur jalan dll,apakah standar untuk bisa jadi presiden adalah melanjutkanstop ikn masih banyak program2 lain bukan hanya ikn rumah sakitpuskesmas sekolah pupuk subsidi rumah bbm subsidi infrastuktur jalan dll,apakah standar untuk bisa jadi presiden adalah melanjutkanstop ikn masih banyak program2 lain bukan hanya ikn rumah sakitpuskesmas sekolah pupuk subsidi rumah bbm subsidi infrastuktur jalan dll,standar bisa jadi presiden melanjutkanstop ikn banyak program2 bukan ikn rumah sakitpuskesmas sekolah pupuk subsidi rumah bbm subsidi infrastuktur jalan,standar bisa jadi presiden melanjutkanstop ikn banyak program2 bukan ikn rumah sakitpuskesmas sekolah pupuk subsidi rumah bbm subsidi infrastuktur jalan,standards can be president to continue stop ikn many programs not oikn hospital puskesmas school fertilizer subsidized bbm subsidized road infrastructure
Mon Dec 25 09:56:30 +0000 2023,mledukjon,@onseven_saif @djuangkrik88 @DadangRusdi @dodojogja2 @aniesbaswedan Edukasi apanya? Apakah masyarakat Kalimantan ga berhak punya infrastuktur yg modern? Jangan kau bilang alasan masih banyak yg lapar ga perlu ikn. Negara maju yg kelaparan tetep ada. Mestinya kalian lah penolak infrastuktur harus di edukasi.,Edukasi apanya Apakah masyarakat Kalimantan ga berhak punya infrastuktur yg modern Jangan kau bilang alasan masih banyak yg lapar ga perlu ikn Negara maju yg kelaparan tetep ada Mestinya kalian lah penolak infrastuktur harus di edukasi,edukasi apanya apakah masyarakat kalimantan ga berhak punya infrastuktur yg modern jangan kau bilang alasan masih banyak yg lapar ga perlu ikn negara maju yg kelaparan tetep ada mestinya kalian lah penolak infrastuktur harus di edukasi,edukasi apanya apakah masyarakat kalimantan tidak berhak punya infrastuktur yang modern jangan kau bilang alasan masih banyak yang lapar tidak perlu ikn negara maju yang kelaparan tetep ada mestinya kalian lah penolak infrastuktur harus di edukasi,edukasi apanya apakah masyarakat kalimantan tidak berhak punya infrastuktur yang modern jangan kau bilang alasan masih banyak yang lapar tidak perlu ikn negara maju yang kelaparan tetep ada mestinya kalian lah penolak infrastuktur harus di edukasi,edukasi apanya masyarakat kalimantan berhak punya infrastuktur modern jangan kau bilang alasan banyak lapar perlu ikn negara maju kelaparan tetep mestinya kalian lah penolak infrastuktur di edukasi,edukasi apa masyarakat kalimantan hak punya infrastuktur modern jangan kau bilang alas banyak lapar perlu ikn negara maju lapar tetep mesti kalian lah tolak infrastuktur di edukasi,"education is the people of kalimantan the right to have a modern infrastructure do not say that there is a lot of hungry alas, it needs to be a developed country, but you must reject the infrastructure in education"
Sat Dec 23 20:03:59 +0000 2023,AlhadiStef44186,@fadlizon @narasitv @NajwaShihab @gibran_tweet Hilirisasi generasi emas stunting makan grts IKN. apapun pertanyaan dan pembahasanya diplomasi =&gt;hilirisasi =&gt;infrastuktur sosial=&gt;stunting=&gt;mkn grtis=&gt;genersi emas=&gt;pemerataan kota=&gt;IKN. Yang bikin pusing.(carbone storage hilirisasi digital SGIE),Hilirisasi generasi emas stunting makan grts IKN apapun pertanyaan dan pembahasanya diplomasi gthilirisasi gtinfrastuktur sosialgtstuntinggtmkn grtisgtgenersi emasgtpemerataan kotagtIKN Yang bikin pusingcarbone storage hilirisasi digital SGIE,hilirisasi generasi emas stunting makan grts ikn apapun pertanyaan dan pembahasanya diplomasi gthilirisasi gtinfrastuktur sosialgtstuntinggtmkn grtisgtgenersi emasgtpemerataan kotagtikn yang bikin pusingcarbone storage hilirisasi digital sgie,hilirisasi generasi emas stunting makan grts ikn apapun pertanyaan dan pembahasanya diplomasi gthilirisasi gtinfrastuktur sosialgtstuntinggtmkn grtisgtgenersi emasgtpemerataan kotagtikn yang bikin pusingcarbone storage hilirisasi digital sgie,hilirisasi generasi emas stunting makan grts ikn apapun pertanyaan dan pembahasanya diplomasi gthilirisasi gtinfrastuktur sosialgtstuntinggtmkn grtisgtgenersi emasgtpemerataan kotagtikn yang bikin pusingcarbone storage hilirisasi digital sgie,hilirisasi generasi emas stunting makan grts ikn apapun pertanyaan pembahasanya diplomasi gthilirisasi gtinfrastuktur sosialgtstuntinggtmkn grtisgtgenersi emasgtpemerataan kotagtikn bikin pusingcarbone storage hilirisasi digital sgie,hilir generasi emas stunting makan grts ikn apa tanya bahasa diplomasi gthilirisasi gtinfrastuktur sosialgtstuntinggtmkn grtisgtgenersi emasgtpemerataan kotagtikn bikin pusingcarbone storage hilir digital sgie,downstream gold generation stunting eating grts ikn what is the diplomacy language gthilirization gtinfrasturu socimgtentinggnmkn grtisgtegness gold gressewners
Sat Dec 23 14:54:09 +0000 2023,Bisniscom,Gibran Sebut IKN sebagai Komitmen Pemerataan Ekonomi dan Makan Siang Gratis sebagai Infrastuktur Sosial https://t.co/UzUOSE2Gxb,Gibran Sebut IKN sebagai Komitmen Pemerataan Ekonomi dan Makan Siang Gratis sebagai Infrastuktur Sosial,gibran sebut ikn sebagai komitmen pemerataan ekonomi dan makan siang gratis sebagai infrastuktur sosial,gibran sebut ikn sebagai komitmen pemerataan ekonomi dan makan siang gratis sebagai infrastuktur sosial,gibran sebut ikn sebagai komitmen pemerataan ekonomi dan makan siang gratis sebagai infrastuktur sosial,gibran sebut ikn komitmen pemerataan ekonomi makan siang gratis infrastuktur sosial,gibran sebut ikn komitmen perata ekonomi makan siang gratis infrastuktur sosial,gibran calls the commitment of economic economic economic commitment to lunch free social infrastructure
Sat Dec 23 11:13:11 +0000 2023,sat0ruu3,@cakimiNOW dibanding merevasilitasi dan membangun infrastuktur baru dan itu belum termasuk dana buat membangun 40 kota setara metropolitan lebih baik melanjutkan ikn sbg ibukota baru Indonesia pak hehehe ga ingat klo jakarta mau tenggelam?,dibanding merevasilitasi dan membangun infrastuktur baru dan itu belum termasuk dana buat membangun 40 kota setara metropolitan lebih baik melanjutkan ikn sbg ibukota baru Indonesia pak hehehe ga ingat klo jakarta mau tenggelam,dibanding merevasilitasi dan membangun infrastuktur baru dan itu belum termasuk dana buat membangun 40 kota setara metropolitan lebih baik melanjutkan ikn sbg ibukota baru indonesia pak hehehe ga ingat klo jakarta mau tenggelam,dibanding merevasilitasi dan membangun infrastuktur baru dan itu belum termasuk dana buat membangun 40 kota setara metropolitan lebih baik melanjutkan ikn sbg ibukota baru indonesia pak hehehe tidak ingat klo jakarta mau tenggelam,dibanding merevasilitasi dan membangun infrastuktur baru dan itu belum termasuk dana buat membangun 40 kota setara metropolitan lebih baik melanjutkan ikn sbg ibukota baru indonesia pak hehehe tidak ingat klo jakarta mau tenggelam,dibanding merevasilitasi membangun infrastuktur baru itu termasuk dana buat membangun 40 kota setara metropolitan lebih baik melanjutkan ikn sbg ibukota baru indonesia pak hehehe ingat klo jakarta mau tenggelam,banding merevasilitasi bangun infrastuktur baru itu masuk dana buat bangun 40 kota tara metropolitan lebih baik lanjut ikn sbg ibukota baru indonesia pak hehehe ingat klo jakarta mau tenggelam,"the appeal facilitates the building of the new infrastructure into the funds to build 40 tara metropolitan cities, it is better to continue as the new capital of indonesia, pak hehehe, remember that jakarta wants to sink"
Fri Dec 22 18:21:09 +0000 2023,budak904,@GantineRamane @NyaiiBubu @gibran_tweet Makanya hanya manusia yang baru lahir tadi subuh yang anggap si samsul itu nyambung dalam menjawab pertanyaan terkait diplomasi intenasional kenaikan pajak investor ikn dan infrastuktur sosial.,Makanya hanya manusia yang baru lahir tadi subuh yang anggap si samsul itu nyambung dalam menjawab pertanyaan terkait diplomasi intenasional kenaikan pajak investor ikn dan infrastuktur sosial,makanya hanya manusia yang baru lahir tadi subuh yang anggap si samsul itu nyambung dalam menjawab pertanyaan terkait diplomasi intenasional kenaikan pajak investor ikn dan infrastuktur sosial,makanya hanya manusia yang baru lahir tadi subuh yang anggap si samsul itu nyambung dalam menjawab pertanyaan terkait diplomasi intenasional kenaikan pajak investor ikn dan infrastuktur sosial,makanya hanya manusia yang baru lahir tadi subuh yang anggap si samsul itu nyambung dalam menjawab pertanyaan terkait diplomasi intenasional kenaikan pajak investor ikn dan infrastuktur sosial,makanya manusia baru lahir tadi subuh anggap si samsul nyambung menjawab pertanyaan terkait diplomasi intenasional kenaikan pajak investor ikn infrastuktur sosial,makanya manusia baru lahir tadi subuh anggap si samsul nyambung jawab tanya kait diplomasi intenasional naik pajak investor ikn infrastuktur sosial,that's why the newly born man at dawn considers the samsul connecting the question of the international diplomacy diplomacy.
Fri Dec 22 13:30:40 +0000 2023,catchmeupco,Pertanyaan ketiga: Pembangunan Infrastuktur FISIK atau Pembangunan SDM??? Mas Gibran: Dua-duanya penting. Karena Indonesia emas -&gt;&gt; Generasi emas. Tidak semua harus pake APBN. IKN aja cuma 20% pake APBN. Sisanya investor. Pak Mahfud: Lah investor siapa nih mas maksudnya?,Pertanyaan ketiga Pembangunan Infrastuktur FISIK atau Pembangunan SDM Mas Gibran Duaduanya penting Karena Indonesia emas gtgt Generasi emas Tidak semua harus pake APBN IKN aja cuma 20 pake APBN Sisanya investor Pak Mahfud Lah investor siapa nih mas maksudnya,pertanyaan ketiga pembangunan infrastuktur fisik atau pembangunan sdm mas gibran duaduanya penting karena indonesia emas gtgt generasi emas tidak semua harus pake apbn ikn aja cuma 20 pake apbn sisanya investor pak mahfud lah investor siapa nih mas maksudnya,pertanyaan ketiga pembangunan infrastuktur fisik atau pembangunan sdm mas gibran duaduanya penting karena indonesia emas gtgt generasi emas tidak semua harus pake apbn ikn aja cuma 20 pake apbn sisanya investor pak mahfud lah investor siapa nih mas maksudnya,pertanyaan ketiga pembangunan infrastuktur fisik atau pembangunan sdm mas gibran duaduanya penting karena indonesia emas gtgt generasi emas tidak semua harus pake apbn ikn aja cuma 20 pake apbn sisanya investor pak mahfud lah investor siapa nih mas maksudnya,pertanyaan ketiga pembangunan infrastuktur fisik pembangunan sdm mas gibran duaduanya penting indonesia emas gtgt generasi emas semua pake apbn ikn aja cuma 20 pake apbn sisanya investor pak mahfud lah investor siapa nih mas maksudnya,tanya tiga bangun infrastuktur fisik bangun sdm mas gibran duaduanya penting indonesia emas gtgt generasi emas semua pake apbn ikn aja cuma 20 pake apbn sisa investor pak mahfud lah investor siapa nih mas maksud,"ask the three physical infrastructure builds for building human resources, bro, it is important that the golden indonesia is gold, all the golden generation uses the apbn, only 20 using the rest of the investor mr. mahfud is the investor, bro"
Fri Dec 22 13:28:47 +0000 2023,anginlewat,Maksud cak imin drpd bangun ikn mending prioritasin kembangkan kota2 yg sudah ada dulu krn dasar2 infrastuktur sdh ada di kota2 tsb jd investasi yg dibutuhkan lbh kecil #DebatCawapres,Maksud cak imin drpd bangun ikn mending prioritasin kembangkan kota2 yg sudah ada dulu krn dasar2 infrastuktur sdh ada di kota2 tsb jd investasi yg dibutuhkan lbh kecil,maksud cak imin drpd bangun ikn mending prioritasin kembangkan kota2 yg sudah ada dulu krn dasar2 infrastuktur sdh ada di kota2 tsb jd investasi yg dibutuhkan lbh kecil,maksud cak imin drpd bangun ikn mending prioritasin kembangkan kota2 yang sudah ada dulu krn dasar2 infrastuktur sudah ada di kota2 tsb jadi investasi yang dibutuhkan lbh kecil,maksud cak imin drpd bangun ikn mending prioritasin kembangkan kota2 yang sudah ada dulu krn dasar2 infrastuktur sudah ada di kota2 tsb jadi investasi yang dibutuhkan lbh kecil,maksud cak imin drpd bangun ikn mending prioritasin kembangkan kota2 dulu krn dasar2 infrastuktur sudah ada kota2 tsb jadi investasi dibutuhkan lbh kecil,maksud cak imin drpd bangun ikn mending prioritasin kembang kota2 dulu krn dasar2 infrastuktur sudah ada kota2 tsb jadi investasi butuh lbh kecil,"the purpose of cak imin, drpd, built a priority to the cities first because the basic infrastructure was already in the cities so that the investment needed a small more"
Mon Dec 04 13:00:42 +0000 2023,dbduebeejn,@Ferignw21 Bener nih adanya IKN akan membuat pembangunan infrastuktur kita lebih merata #CapresSesatTolakIKN,Bener nih adanya IKN akan membuat pembangunan infrastuktur kita lebih merata,bener nih adanya ikn akan membuat pembangunan infrastuktur kita lebih merata,bener nih adanya ikn akan membuat pembangunan infrastuktur kita lebih merata,bener nih adanya ikn akan membuat pembangunan infrastuktur kita lebih merata,bener nih adanya ikn membuat pembangunan infrastuktur lebih merata,bener nih ada ikn buat bangun infrastuktur lebih rata,this is true there is an ikn for building infrastructure even more
Mon Dec 04 12:57:30 +0000 2023,shsjebeejenej,@CFebta IKN ini ada agar infrastuktur kita semakin merata #CapresSesatTolakIKN,IKN ini ada agar infrastuktur kita semakin merata,ikn ini ada agar infrastuktur kita semakin merata,ikn ini ada agar infrastuktur kita semakin merata,ikn ini ada agar infrastuktur kita semakin merata,ikn ada infrastuktur semakin merata,ikn ada infrastuktur makin rata,ikn there is an infrastructure more flat
Sun Dec 03 13:55:02 +0000 2023,Jotuna2020,@Kremata_Channel @Pengabdi_Crypto @kumparan Kaji ulang IKN atau kereta cepat silakan yg kurang ditambahin yg berlebihan dikurangin. Yg penting babat habis koruptor. InsyaAllah banyak pembangunan2 infrastuktur atau program2 lain yg bisa dijalankan.,Kaji ulang IKN atau kereta cepat silakan yg kurang ditambahin yg berlebihan dikurangin Yg penting babat habis koruptor InsyaAllah banyak pembangunan2 infrastuktur atau program2 lain yg bisa dijalankan,kaji ulang ikn atau kereta cepat silakan yg kurang ditambahin yg berlebihan dikurangin yg penting babat habis koruptor insyaallah banyak pembangunan2 infrastuktur atau program2 lain yg bisa dijalankan,kaji ulang ikn atau kereta cepat silakan yang kurang ditambahin yang berlebihan dikurangin yang penting babat habis koruptor insyaallah banyak pembangunan2 infrastuktur atau program2 lain yang bisa dijalankan,kaji ulang ikn atau kereta cepat silakan yang kurang ditambahin yang berlebihan dikurangin yang penting babat habis koruptor insyaallah banyak pembangunan2 infrastuktur atau program2 lain yang bisa dijalankan,kaji ulang ikn kereta cepat silakan kurang ditambahin berlebihan dikurangin penting babat habis koruptor insyaallah banyak pembangunan2 infrastuktur program2 yang dijalankan,kaji ulang ikn kereta cepat sila kurang ditambahin lebih rangin penting babat habis koruptor insyaallah banyak pembangunan2 infrastuktur program2 yang jalan,"review the fast train ikn sila is not added more important rangin sabat after corruptor, god willing, there are many development of infrastructure programs that work"
Thu Nov 23 05:34:20 +0000 2023,sinkretisme_,@pemantautemlen1 @hereforsungjin @Kop15achet @Rezasyariatii Wkwkwkw kok ya percaya fokus mau dialihkan ke kalimantan? kalkulasi materi aja udah susah emg harus proyeksinya jauh dan paradigma pembangunannya jelas. Kalo masy masih kemakan pemb infrastuktur yaudah disitu aja kita. Paradigma pemb ga jelas IKN skrg,Wkwkwkw kok ya percaya fokus mau dialihkan ke kalimantan kalkulasi materi aja udah susah emg harus proyeksinya jauh dan paradigma pembangunannya jelas Kalo masy masih kemakan pemb infrastuktur yaudah disitu aja kita Paradigma pemb ga jelas IKN skrg,wkwkwkw kok ya percaya fokus mau dialihkan ke kalimantan kalkulasi materi aja udah susah emg harus proyeksinya jauh dan paradigma pembangunannya jelas kalo masy masih kemakan pemb infrastuktur yaudah disitu aja kita paradigma pemb ga jelas ikn skrg,wkwkwkw kok ya percaya fokus mau dialihkan ke kalimantan kalkulasi materi aja udah susah emg harus proyeksinya jauh dan paradigma pembangunannya jelas kalo masy masih kemakan pemb infrastuktur yaudah disitu aja kita paradigma pemb tidak jelas ikn skrg,wkwkwkw kok ya percaya fokus mau dialihkan ke kalimantan kalkulasi materi aja udah susah emg harus proyeksinya jauh dan paradigma pembangunannya jelas kalo masy masih kemakan pemb infrastuktur yaudah disitu aja kita paradigma pemb tidak jelas ikn skrg,wkwkwkw kok percaya fokus mau dialihkan kalimantan kalkulasi materi aja udah susah emg proyeksinya jauh paradigma pembangunannya jelas kalo masy kemakan pemb infrastuktur yaudah disitu aja paradigma pemb jelas ikn skrg,wkwkwkw kok percaya fokus mau alih kalimantan kalkulasi materi aja udah susah emg proyeksi jauh paradigma bangun jelas kalo masy makan pemb infrastuktur yaudah situ aja paradigma pemb jelas ikn skrg,"wkwkwkw why believe the focus of wanting to transfer kalimantan material calculation alone is already difficult to projection far paradigm wake up clearly if the community will eat infrastructure, that's all the paradigm is clear"
Thu Nov 23 04:20:16 +0000 2023,suryasena53,Ini capres gimana sih? Bicara kemakmuran merata tdk perlu bangun infrastuktur? Eh busset!!! Bgmn petani/peternak distribusi hsl nya kalau jalan rusak? Berputar dan makan waktu biaya? IKN mmg terlalu dipaksakan! Beda dg jalan Tol dll!,Ini capres gimana sih Bicara kemakmuran merata tdk perlu bangun infrastuktur Eh busset Bgmn petanipeternak distribusi hsl nya kalau jalan rusak Berputar dan makan waktu biaya IKN mmg terlalu dipaksakan Beda dg jalan Tol dll,ini capres gimana sih bicara kemakmuran merata tdk perlu bangun infrastuktur eh busset bgmn petanipeternak distribusi hsl nya kalau jalan rusak berputar dan makan waktu biaya ikn mmg terlalu dipaksakan beda dg jalan tol dll,ini capres gimana sih bicara kemakmuran merata tdk perlu bangun infrastuktur eh busset bgmn petanipeternak distribusi hsl nya kalau jalan rusak berputar dan makan waktu biaya ikn mmg terlalu dipaksakan beda dengan jalan tol dll,ini capres gimana sih bicara kemakmuran merata tdk perlu bangun infrastuktur eh busset bgmn petanipeternak distribusi hsl nya kalau jalan rusak berputar dan makan waktu biaya ikn mmg terlalu dipaksakan beda dengan jalan tol dll,capres gimana sih bicara kemakmuran merata tdk perlu bangun infrastuktur eh busset bgmn petanipeternak distribusi hsl nya kalau jalan rusak berputar makan waktu biaya ikn mmg terlalu dipaksakan beda jalan tol,capres gimana sih bicara makmur rata tdk perlu bangun infrastuktur eh busset bgmn petanipeternak distribusi hsl nya kalau jalan rusak putar makan waktu biaya ikn mmg terlalu paksa beda jalan tol,"candidates how do you talk about prosperous, no need to build infrastructure, eh, busset, how much the hsl distribution, if the road is damaged, it will turn the time to take the time to be too forced"
Mon Nov 20 16:01:25 +0000 2023,saragihruth22,Telkom Indonesia dukung penuh penyediaan infrastuktur dan layanan di IKN #ElevatingYourFuture #KinerjaPositifBUMN @KemenBUMN @Telkomindonesia @erickthohir https://t.co/f20h21QJix,Telkom Indonesia dukung penuh penyediaan infrastuktur dan layanan di IKN,telkom indonesia dukung penuh penyediaan infrastuktur dan layanan di ikn,telkom indonesia dukung penuh penyediaan infrastuktur dan layanan di ikn,telkom indonesia dukung penuh penyediaan infrastuktur dan layanan di ikn,telkom indonesia dukung penuh penyediaan infrastuktur layanan ikn,telkom indonesia dukung penuh sedia infrastuktur layan ikn,telkom indonesia full support infrasturure of ikn sayan
Mon Nov 20 12:53:05 +0000 2023,Twisted_Tazz,Telkom Indonesia siapkan rencana pembangunan infrastuktur dan layanan di IKN #ElevatingYourFuture #KinerjaPositifBUMN @KemenBUMN @Telkomindonesia @erickthohir https://t.co/TEB0sRYDSu,Telkom Indonesia siapkan rencana pembangunan infrastuktur dan layanan di IKN,telkom indonesia siapkan rencana pembangunan infrastuktur dan layanan di ikn,telkom indonesia siapkan rencana pembangunan infrastuktur dan layanan di ikn,telkom indonesia siapkan rencana pembangunan infrastuktur dan layanan di ikn,telkom indonesia siapkan rencana pembangunan infrastuktur layanan ikn,telkom indonesia siap rencana bangun infrastuktur layan ikn,telkom indonesia ready to plan to build ikn road infrastructure
Mon Nov 20 12:52:12 +0000 2023,Twisted_Tazz,penyediaan infrastuktur dan layanan digital di IKN didukung penuh oleh Telkom Indonesia #ElevatingYourFuture #KinerjaPositifBUMN @KemenBUMN @Telkomindonesia @erickthohir https://t.co/wfjTBboUSd,penyediaan infrastuktur dan layanan digital di IKN didukung penuh oleh Telkom Indonesia,penyediaan infrastuktur dan layanan digital di ikn didukung penuh oleh telkom indonesia,penyediaan infrastuktur dan layanan digital di ikn didukung penuh oleh telkom indonesia,penyediaan infrastuktur dan layanan digital di ikn didukung penuh oleh telkom indonesia,penyediaan infrastuktur layanan digital ikn didukung penuh telkom indonesia,sedia infrastuktur layan digital ikn dukung penuh telkom indonesia,ready for infrastructure for digital services ikn fully support telkom indonesia
Mon Nov 20 12:45:44 +0000 2023,GaspriA,Telkom Indonesia mendukung penuh penyediaan infrastuktur dan layanan digital di IKN #ElevatingYourFuture #KinerjaPositifBUMN @KemenBUMN @Telkomindonesia @erickthohir https://t.co/a8AJOdNOCX,Telkom Indonesia mendukung penuh penyediaan infrastuktur dan layanan digital di IKN,telkom indonesia mendukung penuh penyediaan infrastuktur dan layanan digital di ikn,telkom indonesia mendukung penuh penyediaan infrastuktur dan layanan digital di ikn,telkom indonesia mendukung penuh penyediaan infrastuktur dan layanan digital di ikn,telkom indonesia mendukung penuh penyediaan infrastuktur layanan digital ikn,telkom indonesia dukung penuh sedia infrastuktur layan digital ikn,telkom indonesia fully supports the digital ikn service infrastructure
Sun Nov 19 10:49:27 +0000 2023,gustjahSaja,@Naz_lira IKN hanya mengalihkan &amp; mengubur kegagalan 9th berkuasa utk memakmurkan negeri dgn swasembada menyuguhkan seolah2 ada proyek pemerataan pembangunan infrastuktur sjg melupakan kemajuan sektor pertanian pendidikan &amp; sumber daya alam utk kesejahteraan negeri nya sendiri.,IKN hanya mengalihkan amp mengubur kegagalan 9th berkuasa utk memakmurkan negeri dgn swasembada menyuguhkan seolah2 ada proyek pemerataan pembangunan infrastuktur sjg melupakan kemajuan sektor pertanian pendidikan amp sumber daya alam utk kesejahteraan negeri nya sendiri,ikn hanya mengalihkan amp mengubur kegagalan 9th berkuasa utk memakmurkan negeri dgn swasembada menyuguhkan seolah2 ada proyek pemerataan pembangunan infrastuktur sjg melupakan kemajuan sektor pertanian pendidikan amp sumber daya alam utk kesejahteraan negeri nya sendiri,ikn hanya mengalihkan amp mengubur kegagalan 9th berkuasa utk memakmurkan negeri dgn swasembada menyuguhkan seolah2 ada proyek pemerataan pembangunan infrastuktur sjg melupakan kemajuan sektor pertanian pendidikan amp sumber daya alam utk kesejahteraan negeri nya sendiri,ikn hanya mengalihkan amp mengubur kegagalan 9th berkuasa utk memakmurkan negeri dgn swasembada menyuguhkan seolah2 ada proyek pemerataan pembangunan infrastuktur sjg melupakan kemajuan sektor pertanian pendidikan amp sumber daya alam utk kesejahteraan negeri nya sendiri,ikn mengalihkan amp mengubur kegagalan 9th berkuasa utk memakmurkan negeri dgn swasembada menyuguhkan seolah2 proyek pemerataan pembangunan infrastuktur sjg melupakan kemajuan sektor pertanian pendidikan amp sumber daya alam utk kesejahteraan negeri nya sendiri,ikn alih amp kubur gagal 9th kuasa utk makmur negeri dgn swasembada suguh seolah2 proyek perata bangun infrastuktur sjg lupa maju sektor tani didik amp sumber daya alam utk sejahtera negeri nya sendiri,important amproduction failure 9th power for the state of the state with the protection of the programs
Wed Nov 15 14:59:49 +0000 2023,resiantoadhitya,Cita2 Presiden Jokowi utk Indonesia Emas 2045 jelas ya rumusnya dari Infrastuktur Digitalisasi Hilirisasi Pengembangan SDM dan IKN Nusantara. Siapapun capres dan cawapres yg melaksankan ini pasti Beliau dukung.,Cita2 Presiden Jokowi utk Indonesia Emas 2045 jelas ya rumusnya dari Infrastuktur Digitalisasi Hilirisasi Pengembangan SDM dan IKN Nusantara Siapapun capres dan cawapres yg melaksankan ini pasti Beliau dukung,cita2 presiden jokowi utk indonesia emas 2045 jelas ya rumusnya dari infrastuktur digitalisasi hilirisasi pengembangan sdm dan ikn nusantara siapapun capres dan cawapres yg melaksankan ini pasti beliau dukung,cita2 presiden jokowi utk indonesia emas 2045 jelas ya rumusnya dari infrastuktur digitalisasi hilirisasi pengembangan sdm dan ikn nusantara siapapun capres dan cawapres yang melaksankan ini pasti beliau dukung,cita2 presiden jokowi utk indonesia emas 2045 jelas ya rumusnya dari infrastuktur digitalisasi hilirisasi pengembangan sdm dan ikn nusantara siapapun capres dan cawapres yang melaksankan ini pasti beliau dukung,cita2 presiden jokowi utk indonesia emas 2045 jelas rumusnya infrastuktur digitalisasi hilirisasi pengembangan sdm ikn nusantara siapapun capres cawapres melaksankan pasti beliau dukung,cita2 presiden jokowi utk indonesia emas 2045 jelas rumus infrastuktur digitalisasi hilir kembang sdm ikn nusantara siapa capres cawapres melaksankan pasti beliau dukung,the ideals of president jokowi for indonesia gold 2045 are clear the infrastructure formula for digitalizing downstream flower hr ikn nusantara who is the candidate for the vice president
Fri Nov 03 07:31:13 +0000 2023,bariecode,Mantap!! Kawal terus demokrasi yang sehat Jangan sampai Pembangunan infrastuktur IKN hancur berkeping karena kalah bersaing dengan pembangunan INFRASTRUKTUR DINASTI jokowi!! ,Mantap Kawal terus demokrasi yang sehat Jangan sampai Pembangunan infrastuktur IKN hancur berkeping karena kalah bersaing dengan pembangunan INFRASTRUKTUR DINASTI jokowi,mantap kawal terus demokrasi yang sehat jangan sampai pembangunan infrastuktur ikn hancur berkeping karena kalah bersaing dengan pembangunan infrastruktur dinasti jokowi,mantap kawal terus demokrasi yang sehat jangan sampai pembangunan infrastuktur ikn hancur berkeping karena kalah bersaing dengan pembangunan infrastruktur dinasti jokowi,mantap kawal terus demokrasi yang sehat jangan sampai pembangunan infrastuktur ikn hancur berkeping karena kalah bersaing dengan pembangunan infrastruktur dinasti jokowi,mantap kawal terus demokrasi sehat jangan pembangunan infrastuktur ikn hancur berkeping kalah bersaing pembangunan infrastruktur dinasti jokowi,mantap kawal terus demokrasi sehat jangan bangun infrastuktur ikn hancur keping kalah saing bangun infrastruktur dinasti jokowi,"steady guard continues to be healthy democracy, don't build infrastructure to be destroyed by losing competitiveness in building jokowi's dynasty infrastructure"
Wed Oct 25 07:18:19 +0000 2023,RusdiRu01226366,@DrPullmanrogers @PDI_Perjuangan @ganjarpranowo @mohmahfudmd @prabowo @kangdede78 Memang harus GAMA Peraih nilai scor pemilih tertinggi di Pilpres 2024 jangan sampai tidak teraih kemenangan di Pilpres 2024..kalau ingin Indonesia maju dan sejahtera dan meneruskan pembangunan infrastuktur IKN dll..kalau bukan GAMA di kwatirkan macet persiapan menuju Ind emas.,Memang harus GAMA Peraih nilai scor pemilih tertinggi di Pilpres 2024 jangan sampai tidak teraih kemenangan di Pilpres 2024kalau ingin Indonesia maju dan sejahtera dan meneruskan pembangunan infrastuktur IKN dllkalau bukan GAMA di kwatirkan macet persiapan menuju Ind emas,memang harus gama peraih nilai scor pemilih tertinggi di pilpres 2024 jangan sampai tidak teraih kemenangan di pilpres 2024kalau ingin indonesia maju dan sejahtera dan meneruskan pembangunan infrastuktur ikn dllkalau bukan gama di kwatirkan macet persiapan menuju ind emas,memang harus gama peraih nilai scor pemilih tertinggi di pilpres 2024 jangan sampai tidak teraih kemenangan di pilpres 2024kalau ingin indonesia maju dan sejahtera dan meneruskan pembangunan infrastuktur ikn dllkalau bukan gama di kwatirkan macet persiapan menuju ind emas,memang harus gama peraih nilai scor pemilih tertinggi di pilpres 2024 jangan sampai tidak teraih kemenangan di pilpres 2024kalau ingin indonesia maju dan sejahtera dan meneruskan pembangunan infrastuktur ikn dllkalau bukan gama di kwatirkan macet persiapan menuju ind emas,memang gama peraih nilai scor pemilih tertinggi pilpres 2024 jangan tidak teraih kemenangan pilpres 2024kalau indonesia maju sejahtera meneruskan pembangunan infrastuktur ikn dllkalau bukan gama kwatirkan macet persiapan menuju ind emas,memang gama raih nilai scor pilih tinggi pilpres 2024 jangan tidak raih menang pilpres 2024kalau indonesia maju sejahtera terus bangun infrastuktur ikn dllkalau bukan gama kwatirkan macet siap tuju ind emas,"indeed, i won the scor value, choose the height of the 2024 presidential election, don't not win the 2024 presidential election, if indonesia is progressing, continues to build infrastructure, if it is not gamma, it"
Sun Oct 22 10:31:11 +0000 2023,basrahmat,@anton_sukisno @Dennysiregar7 @jokowi Jadi pembangunan hukum di rezim ini juga baik2 saja ? Infrastuktur dengan mengubah2 UU juga banyak lho ??? UU IKN dan ketenagakerjaan juga salah lho prosedurnya ? Kok cm ini yang diprotes ?? https://t.co/oJd25nIQkp,Jadi pembangunan hukum di rezim ini juga baik2 saja Infrastuktur dengan mengubah2 UU juga banyak lho UU IKN dan ketenagakerjaan juga salah lho prosedurnya Kok cm ini yang diprotes,jadi pembangunan hukum di rezim ini juga baik2 saja infrastuktur dengan mengubah2 uu juga banyak lho uu ikn dan ketenagakerjaan juga salah lho prosedurnya kok cm ini yang diprotes,jadi pembangunan hukum di rezim ini juga baik2 saja infrastuktur dengan mengubah2 uu juga banyak lho uu ikn dan ketenagakerjaan juga salah lho prosedurnya kok cm ini yang diprotes,jadi pembangunan hukum di rezim ini juga baik2 saja infrastuktur dengan mengubah2 uu juga banyak lho uu ikn dan ketenagakerjaan juga salah lho prosedurnya kok cm ini yang diprotes,jadi pembangunan hukum rezim baik2 infrastuktur mengubah2 uu banyak lho uu ikn ketenagakerjaan juga salah lho prosedurnya kok cm yang diprotes,jadi bangun hukum rezim baik2 infrastuktur mengubah2 uu banyak lho uu ikn ketenagakerjaan juga salah lho prosedur kok cm yang protes,"so build the law of the regime, the infrastructure changes the law, you know that the employment law is also wrong, you know the procedure"
Wed Apr 12 06:25:21 +0000 2023,JeanlynAjean,Infrastuktur di IKN Nusantara akan canggih #IKNPemerataanEkonomi #IKNSejahterakanIndonesia #IKN #IKNtingkatkanKesejahteraan #dukungproyekIKN #IKNNusantara https://t.co/z0yHgLbCd4,Infrastuktur di IKN Nusantara akan canggih,infrastuktur di ikn nusantara akan canggih,infrastuktur di ikn nusantara akan canggih,infrastuktur di ikn nusantara akan canggih,infrastuktur ikn nusantara canggih,infrastuktur ikn nusantara canggih,sophisticated ikn nusantara infrastructure
Mon Apr 10 05:51:09 +0000 2023,milieana1,@KotaNusantara @AnakTangsiAD @ardi_tama1 @ikn_id Tegaskan pemerataan Infrastuktur #PindahIbuKota,Tegaskan pemerataan Infrastuktur,tegaskan pemerataan infrastuktur,tegaskan pemerataan infrastuktur,tegaskan pemerataan infrastuktur,tegaskan pemerataan infrastuktur,tegas perata infrastuktur,stressed the infrastructure
Sun Apr 09 23:18:45 +0000 2023,umaralims,Fakta__Jokowi Gagal Total. - Korupsi paling Brutal Berjamaah olh instansi keuangan dll. - infrastuktur palsu - Hukum Berantakan - IKN gagal penuh dusta. - Legislatif tuli dan mati rasa pd rakyat. https://t.co/tURGIDF1ZQ,FaktaJokowi Gagal Total Korupsi paling Brutal Berjamaah olh instansi keuangan dll infrastuktur palsu Hukum Berantakan IKN gagal penuh dusta Legislatif tuli dan mati rasa pd rakyat,faktajokowi gagal total korupsi paling brutal berjamaah olh instansi keuangan dll infrastuktur palsu hukum berantakan ikn gagal penuh dusta legislatif tuli dan mati rasa pd rakyat,faktajokowi gagal total korupsi paling brutal berjamaah olh instansi keuangan dll infrastuktur palsu hukum berantakan ikn gagal penuh dusta legislatif tuli dan mati rasa pd rakyat,faktajokowi gagal total korupsi paling brutal berjamaah olh instansi keuangan dll infrastuktur palsu hukum berantakan ikn gagal penuh dusta legislatif tuli dan mati rasa pd rakyat,faktajokowi gagal total korupsi paling brutal berjamaah olh instansi keuangan infrastuktur palsu hukum berantakan ikn gagal penuh dusta legislatif tuli mati rasa pd rakyat,faktajokowi gagal total korupsi paling brutal jamaah olh instansi uang infrastuktur palsu hukum beranta ikn gagal penuh dusta legislatif tuli mati rasa pd rakyat,jokowi's fact is completely failed to corrupt the most brutal pilgrims by agencies with fake infrastructure laws in the law failed full of lies of the legislative deafness of the people
Fri Mar 31 15:56:11 +0000 2023,antose_79,@ShaaShaSuliXO @RumantikaUpik @mohmahfudmd Tp faktanya infrastruktur yg di geber adlh tol bandara KA cpt JKT bdng IKN yg semuanya hsl ngutang tapi sepi dan manfaatnya Bwt si super kayo retribusinya Bwt cicil utang jg gk ckp klo infrastuktur jln umum dihandle pake APBN aja sdh ckp gk perlu Sampe 7400T,Tp faktanya infrastruktur yg di geber adlh tol bandara KA cpt JKT bdng IKN yg semuanya hsl ngutang tapi sepi dan manfaatnya Bwt si super kayo retribusinya Bwt cicil utang jg gk ckp klo infrastuktur jln umum dihandle pake APBN aja sdh ckp gk perlu Sampe 7400T,tp faktanya infrastruktur yg di geber adlh tol bandara ka cpt jkt bdng ikn yg semuanya hsl ngutang tapi sepi dan manfaatnya bwt si super kayo retribusinya bwt cicil utang jg gk ckp klo infrastuktur jln umum dihandle pake apbn aja sdh ckp gk perlu sampe 7400t,tp faktanya infrastruktur yang di geber adlh tol bandara ka cpt jkt bdng ikn yang semuanya hsl ngutang tapi sepi dan manfaatnya bwt si super kayo retribusinya bwt cicil utang jg gk ckp klo infrastuktur jalan umum dihandle pake apbn aja sudah ckp gk perlu sampe 7400t,tp faktanya infrastruktur yang di geber adlh tol bandara ka cpt jkt bdng ikn yang semuanya hsl ngutang tapi sepi dan manfaatnya bwt si super kayo retribusinya bwt cicil utang jg gk ckp klo infrastuktur jalan umum dihandle pake apbn aja sudah ckp gk perlu sampe 7400t,tp faktanya infrastruktur di geber adlh tol bandara ka cpt jkt bdng ikn semuanya hsl ngutang sepi manfaatnya bwt si super kayo retribusinya bwt cicil utang jg gk ckp klo infrastuktur jalan umum dihandle pake apbn aja ckp gk perlu sampe 7400t,tp fakta infrastruktur di geber adlh tol bandara ka cpt jkt bdng ikn semua hsl ngutang sepi manfaat bwt si super kayo retribusi bwt cicil utang jg gk ckp klo infrastuktur jalan umum dihandle pake apbn aja ckp gk perlu sampe 7400t,in fact infrastructure in geber toll bandara ka cpt jkt bdng all hsl owed to the benefits of super kayo retribution bwt cicil debt jg gk ckp klo public infrastructure in the public road and ahead of 7400t
Mon Mar 20 10:20:29 +0000 2023,MarieBr75751278,@3lzh4s Tegaskan pemerataan Infrastuktur semua pembangunan berkonsep Indonesia Sentris #IKN,Tegaskan pemerataan Infrastuktur semua pembangunan berkonsep Indonesia Sentris,tegaskan pemerataan infrastuktur semua pembangunan berkonsep indonesia sentris,tegaskan pemerataan infrastuktur semua pembangunan berkonsep indonesia sentris,tegaskan pemerataan infrastuktur semua pembangunan berkonsep indonesia sentris,tegaskan pemerataan infrastuktur semua pembangunan berkonsep indonesia sentris,tegas perata infrastuktur semua bangun konsep indonesia sentris,firmly the infrastructure of all built indonesian centric concepts
Sun Jan 29 02:28:21 +0000 2023,naurafaranisaa,Saat ini pembangunan infrastuktur di IKN telah mencapai 12 persen #IbukotaNegara #IKN #SemangatNusantara https://t.co/GmEvkwrOnj,Saat ini pembangunan infrastuktur di IKN telah mencapai 12 persen,saat ini pembangunan infrastuktur di ikn telah mencapai 12 persen,saat ini pembangunan infrastuktur di ikn telah mencapai 12 persen,saat ini pembangunan infrastuktur di ikn telah mencapai 12 persen,ini pembangunan infrastuktur ikn mencapai 12 persen,ini bangun infrastuktur ikn capai 12 persen,this ikn infrastructure builds 12 percent
Fri Jan 27 16:09:43 +0000 2023,ENS53311139,@OposisiCerdas @SuharmokoSlamet Kemarin sibuk ngurusin covid IKN &amp; PPKM plus vaksin uang jg blm ada fokus IKN dgn infrastruture btw sodetan pun infrastuktur yg jls ada Mentri yg hrsnya tanggap btw anggaran th ini sdh ditutup Krn April kan sdh dibagikan keseluruhannya paling nunggu pengajuan th dpn,Kemarin sibuk ngurusin covid IKN amp PPKM plus vaksin uang jg blm ada fokus IKN dgn infrastruture btw sodetan pun infrastuktur yg jls ada Mentri yg hrsnya tanggap btw anggaran th ini sdh ditutup Krn April kan sdh dibagikan keseluruhannya paling nunggu pengajuan th dpn,kemarin sibuk ngurusin covid ikn amp ppkm plus vaksin uang jg blm ada fokus ikn dgn infrastruture btw sodetan pun infrastuktur yg jls ada mentri yg hrsnya tanggap btw anggaran th ini sdh ditutup krn april kan sdh dibagikan keseluruhannya paling nunggu pengajuan th dpn,kemarin sibuk ngurusin covid ikn amp ppkm plus vaksin uang jg blm ada fokus ikn dgn infrastruture btw sodetan pun infrastuktur yang jls ada mentri yang hrsnya tanggap btw anggaran th ini sudah ditutup krn april kan sudah dibagikan keseluruhannya paling nunggu pengajuan th dpn,kemarin sibuk ngurusin covid ikn amp ppkm plus vaksin uang jg blm ada fokus ikn dgn infrastruture btw sodetan pun infrastuktur yang jls ada mentri yang hrsnya tanggap btw anggaran th ini sudah ditutup krn april kan sudah dibagikan keseluruhannya paling nunggu pengajuan th dpn,kemarin sibuk ngurusin covid ikn amp ppkm plus vaksin uang jg blm fokus ikn dgn infrastruture btw sodetan infrastuktur jls mentri hrsnya tanggap btw anggaran th ditutup krn april kan sudah dibagikan keseluruhannya paling nunggu pengajuan th dpn,kemarin sibuk ngurusin covid ikn amp ppkm plus vaksin uang jg blm fokus ikn dgn infrastruture btw sodet infrastuktur jls tri hrsnya tanggap btw anggar th tutup krn april kan sudah bagi seluruh paling nunggu aju th dpn,yesterday was busy taking care of the covid ikn amp ppkm plus a vaccine money also focused with infrastructure btw btw sodet infrastructure jls tri hrs had a responsive btw.
Mon Jan 23 03:23:24 +0000 2023,MRINDEPENDEN99,Investasi oligarki sudah cair..... NANTI TUKAR YA sama UU Peraturan Sda - Nikel batubara emas timah hph hutan project2 infrastuktur IKN project bumn dll... Siap siap miskin bangsa dan negara,Investasi oligarki sudah cair NANTI TUKAR YA sama UU Peraturan Sda Nikel batubara emas timah hph hutan project2 infrastuktur IKN project bumn dll Siap siap miskin bangsa dan negara,investasi oligarki sudah cair nanti tukar ya sama uu peraturan sda nikel batubara emas timah hph hutan project2 infrastuktur ikn project bumn dll siap siap miskin bangsa dan negara,investasi oligarki sudah cair nanti tukar ya sama uu peraturan sda nikel batubara emas timah hph hutan project2 infrastuktur ikn project bumn dll siap siap miskin bangsa dan negara,investasi oligarki sudah cair nanti tukar ya sama uu peraturan sda nikel batubara emas timah hph hutan project2 infrastuktur ikn project bumn dll siap siap miskin bangsa dan negara,investasi oligarki cair tukar sama uu peraturan sda nikel batubara emas timah hph hutan project2 infrastuktur ikn project bumn siap siap miskin bangsa negara,investasi oligarki cair tukar sama uu atur sda nikel batubara emas timah hph hutan project2 infrastuktur ikn project bumn siap siap miskin bangsa negara,liquid oligarchy investment exchange same same sdhe nickel nickel gold coal tin hph forest project2 infrastructure ikn project bumn ready to be ready to be poor in the nation of the country
Thu Jan 19 01:00:32 +0000 2023,aidevvir,pemerintah sepakati 40 kontrak infrastuktur IKN #UntukRISejahtera https://t.co/WGvm4nVnsx,pemerintah sepakati 40 kontrak infrastuktur IKN,pemerintah sepakati 40 kontrak infrastuktur ikn,pemerintah sepakati 40 kontrak infrastuktur ikn,pemerintah sepakati 40 kontrak infrastuktur ikn,pemerintah sepakati 40 kontrak infrastuktur ikn,perintah sepakat 40 kontrak infrastuktur ikn,orders to agree 40 ikn infrastructure contracts
Wed Jan 11 01:03:37 +0000 2023,Nien1708,#EkonomiRITerbaik PLN telahmenyiapkan rencana pembangunan infrastuktur yg sejalan dgn prinsip envrironment sustainbility and Governance untuk melistriki pembangunan IKN.yg mengusung konsep future Smart Forest City Of Indonesia #EkonomiRITerbaik https://t.co/hlxn5gLM9I,PLN telahmenyiapkan rencana pembangunan infrastuktur yg sejalan dgn prinsip envrironment sustainbility and Governance untuk melistriki pembangunan IKNyg mengusung konsep future Smart Forest City Of Indonesia,pln telahmenyiapkan rencana pembangunan infrastuktur yg sejalan dgn prinsip envrironment sustainbility and governance untuk melistriki pembangunan iknyg mengusung konsep future smart forest city of indonesia,pln telahmenyiapkan rencana pembangunan infrastuktur yang sejalan dgn prinsip envrironment sustainbility and governance untuk melistriki pembangunan iknyg mengusung konsep future smart forest city of indonesia,pln telahmenyiapkan rencana pembangunan infrastuktur yang sejalan dgn prinsip envrironment sustainbility and governance untuk melistriki pembangunan iknyg mengusung konsep future smart forest city of indonesia,pln telahmenyiapkan rencana pembangunan infrastuktur sejalan dgn prinsip envrironment sustainbility and governance melistriki pembangunan iknyg mengusung konsep future smart forest city of indonesia,pln telahmenyiapkan rencana bangun infrastuktur jalan dgn prinsip envrironment sustainbility and governance listrik bangun iknyg usung konsep future smart forest city of indonesia,pln has prepared a plan to build road infrastructure with the principle of environmental sustainability and electric governance to build the concept of future smart forest city of indonesia
Tue Dec 27 05:05:16 +0000 2022,halaucovid,IKN Nusantara punya potensi kembangkan infrastuktur #KotaDuniaUntukSemua #IKNSejahterakanIndonesia #IKNPemerataanEkonomi #IKNtingkatkanKesejahteraan #DukungIKNNusantara #IndonesiaMaju #IbukotaBaruMendunia https://t.co/wtUcmQYh2G,IKN Nusantara punya potensi kembangkan infrastuktur,ikn nusantara punya potensi kembangkan infrastuktur,ikn nusantara punya potensi kembangkan infrastuktur,ikn nusantara punya potensi kembangkan infrastuktur,ikn nusantara punya potensi kembangkan infrastuktur,ikn nusantara punya potensi kembang infrastuktur,ikn nusantara has the potential for infrastructure flowers
Fri Dec 23 06:10:24 +0000 2022,KulopJambi_NKRI,Pemerintah kebut pengembangan infrastuktur hunian di IKN Nusantara #KotaDuniaUntukSemua #IKNSejahterakanIndonesia #IKNPemerataanEkonomi #IKNtingkatkanKesejahteraan #DukungIKNNusantara #IndonesiaMaju #IbukotaBaruMendunia https://t.co/jI254BjR1q,Pemerintah kebut pengembangan infrastuktur hunian di IKN Nusantara,pemerintah kebut pengembangan infrastuktur hunian di ikn nusantara,pemerintah kebut pengembangan infrastuktur hunian di ikn nusantara,pemerintah kebut pengembangan infrastuktur hunian di ikn nusantara,pemerintah kebut pengembangan infrastuktur hunian ikn nusantara,perintah kebut kembang infrastuktur huni ikn nusantara,ikn nusantara ikn nusantara infrastructure development order
Wed Dec 21 07:27:03 +0000 2022,detektifcoonan,Pembangunan IKN sukses membuat berbagai infrastuktur penunjang yang berdampak sangat positif #KotaDuniaUntukSemua #IKNSejahterakanIndonesia #IKNPemerataanEkonomi #IKNtingkatkanKesejahteraan #DukungIKNNusantara #IndonesiaMaju #IbukotaBaruMendunia https://t.co/0PIOrkd0Wo,Pembangunan IKN sukses membuat berbagai infrastuktur penunjang yang berdampak sangat positif,pembangunan ikn sukses membuat berbagai infrastuktur penunjang yang berdampak sangat positif,pembangunan ikn sukses membuat berbagai infrastuktur penunjang yang berdampak sangat positif,pembangunan ikn sukses membuat berbagai infrastuktur penunjang yang berdampak sangat positif,pembangunan ikn sukses membuat berbagai infrastuktur penunjang berdampak sangat positif,bangun ikn sukses buat bagai infrastuktur tunjang dampak sangat positif,wake up to success make successful infrasturturturturants a very positive
Tue Dec 20 15:53:21 +0000 2022,Poerna9,@NasDem Percayalah 1. @aniesbaswedan adalah antitesa @jokowi 2. Pemerintahan @jokowi anti kritik itu kata @aniesbaswedan 3. Pemerintahan @jokowi d cemoh ibunya @aniesbaswedan krn mementingkan IKN dan infrastuktur. 4. Para pendukung @aniesbaswedan sebagian besar pembenci @jokowi,Percayalah 1 adalah antitesa 2 Pemerintahan anti kritik itu kata 3 Pemerintahan d cemoh ibunya krn mementingkan IKN dan infrastuktur 4 Para pendukung sebagian besar pembenci,percayalah 1 adalah antitesa 2 pemerintahan anti kritik itu kata 3 pemerintahan d cemoh ibunya krn mementingkan ikn dan infrastuktur 4 para pendukung sebagian besar pembenci,percayalah 1 adalah antitesa 2 pemerintahan anti kritik itu kata 3 pemerintahan d cemoh ibunya krn mementingkan ikn dan infrastuktur 4 para pendukung sebagian besar pembenci,percayalah 1 adalah antitesa 2 pemerintahan anti kritik itu kata 3 pemerintahan d cemoh ibunya krn mementingkan ikn dan infrastuktur 4 para pendukung sebagian besar pembenci,percayalah 1 antitesa 2 pemerintahan anti kritik kata 3 pemerintahan d cemoh ibunya krn mementingkan ikn infrastuktur 4 pendukung sebagian besar pembenci,percaya 1 antitesa 2 perintah anti kritik kata 3 perintah d cemoh ibu krn penting ikn infrastuktur 4 dukung bagi besar benci,believe 1 antitesa 2 anti -critical order word 3 commands d cemoh mother because it is important that infrastructure 4 supports for big hate
Thu Nov 17 05:54:51 +0000 2022,Nusatmr,konsep green infrastuktur dalam pembangunan ikn nusantara #KotaDuniaUntukSemua #IKNSejahterakanIndonesia #IKNPemerataanEkonomi #IKNtingkatkanKesejahteraan #DukungIKNNusantara https://t.co/WyBtS6tEul,konsep green infrastuktur dalam pembangunan ikn nusantara,konsep green infrastuktur dalam pembangunan ikn nusantara,konsep green infrastuktur dalam pembangunan ikn nusantara,konsep green infrastuktur dalam pembangunan ikn nusantara,konsep green infrastuktur pembangunan ikn nusantara,konsep green infrastuktur bangun ikn nusantara,green infrastructure concept building ikn nusantara
Thu Nov 17 05:08:57 +0000 2022,gerbang_utama,IKN Nusantara sebagai kunci pengembangan infrastuktur bagi Indonesia! #KotaDuniaUntukSemua #IKNSejahterakanIndonesia #IKNPemerataanEkonomi #IKNtingkatkanKesejahteraan #DukungIKNNusantara #IndonesiaMaju #IbukotaBaruMendunia https://t.co/Uv7wa6ez0t,IKN Nusantara sebagai kunci pengembangan infrastuktur bagi Indonesia,ikn nusantara sebagai kunci pengembangan infrastuktur bagi indonesia,ikn nusantara sebagai kunci pengembangan infrastuktur bagi indonesia,ikn nusantara sebagai kunci pengembangan infrastuktur bagi indonesia,ikn nusantara kunci pengembangan infrastuktur indonesia,ikn nusantara kunci kembang infrastuktur indonesia,ikn nusantara key of indonesia infrastructure function
Mon Nov 14 10:36:15 +0000 2022,daeng_embang,Kata bu sry mulyani dlm presidensi G20 Indonesia masih membutuhkan investasi di bidang infrastuktur hijau &amp; energi hijau yy cukup besar Aneh butuh investasi energi hijau tp scr bersamaan bangun IKN. tentu byk alam rusak. Apalagi keputusan sudah dibuat sebelum AMDAl(Jokowi).,Kata bu sry mulyani dlm presidensi G20 Indonesia masih membutuhkan investasi di bidang infrastuktur hijau amp energi hijau yy cukup besar Aneh butuh investasi energi hijau tp scr bersamaan bangun IKN tentu byk alam rusak Apalagi keputusan sudah dibuat sebelum AMDAlJokowi,kata bu sry mulyani dlm presidensi g20 indonesia masih membutuhkan investasi di bidang infrastuktur hijau amp energi hijau yy cukup besar aneh butuh investasi energi hijau tp scr bersamaan bangun ikn tentu byk alam rusak apalagi keputusan sudah dibuat sebelum amdaljokowi,kata bu sry mulyani dlm presidensi g20 indonesia masih membutuhkan investasi di bidang infrastuktur hijau amp energi hijau yy cukup besar aneh butuh investasi energi hijau tp scr bersamaan bangun ikn tentu byk alam rusak apalagi keputusan sudah dibuat sebelum amdaljokowi,kata bu sry mulyani dlm presidensi g20 indonesia masih membutuhkan investasi di bidang infrastuktur hijau amp energi hijau yy cukup besar aneh butuh investasi energi hijau tp scr bersamaan bangun ikn tentu byk alam rusak apalagi keputusan sudah dibuat sebelum amdaljokowi,kata bu sry mulyani dlm presidensi g20 indonesia membutuhkan investasi bidang infrastuktur hijau amp energi hijau yy cukup besar aneh butuh investasi energi hijau tp scr bersamaan bangun ikn byk alam rusak keputusan dibuat amdaljokowi,kata bu sry mulyani dlm presidensi g20 indonesia butuh investasi bidang infrastuktur hijau amp energi hijau yy cukup besar aneh butuh investasi energi hijau tp scr sama bangun ikn byk alam rusak putus buat amdaljokowi,said mrs. sry mulyani in the presidential g20 indonesia requires investment in the field of green infrastructure amp green energy yy which is quite weird need to invest in green energy but it is the same as building natural broken for amdaljokowi
Sat Nov 12 13:46:53 +0000 2022,Itorhs,@MrsRachelIn @NasDem @ganjarpranowo Jokowi tdk akan mendukung Anies sebagai antitesanya Jokowi yang dicapreskan Koalisi Perubahan (Nasdem Demokrat &amp; PKS) koalisi yg akan MERUBAH kebijakan Jokowi sebelumnya termasuk proyek pembangunan IKN infrastuktur dan pembubaran HTI dan FPI.,Jokowi tdk akan mendukung Anies sebagai antitesanya Jokowi yang dicapreskan Koalisi Perubahan Nasdem Demokrat amp PKS koalisi yg akan MERUBAH kebijakan Jokowi sebelumnya termasuk proyek pembangunan IKN infrastuktur dan pembubaran HTI dan FPI,jokowi tdk akan mendukung anies sebagai antitesanya jokowi yang dicapreskan koalisi perubahan nasdem demokrat amp pks koalisi yg akan merubah kebijakan jokowi sebelumnya termasuk proyek pembangunan ikn infrastuktur dan pembubaran hti dan fpi,jokowi tdk akan mendukung anies sebagai antitesanya jokowi yang dicapreskan koalisi perubahan nasdem demokrat amp pks koalisi yang akan merubah kebijakan jokowi sebelumnya termasuk proyek pembangunan ikn infrastuktur dan pembubaran hti dan fpi,jokowi tdk akan mendukung anies sebagai antitesanya jokowi yang dicapreskan koalisi perubahan nasdem demokrat amp pks koalisi yang akan merubah kebijakan jokowi sebelumnya termasuk proyek pembangunan ikn infrastuktur dan pembubaran hti dan fpi,jokowi tdk mendukung anies antitesanya jokowi dicapreskan koalisi perubahan nasdem demokrat amp pks koalisi akan merubah kebijakan jokowi sebelumnya termasuk proyek pembangunan ikn infrastuktur pembubaran hti fpi,jokowi tdk dukung anies antitesanya jokowi dicapreskan koalisi ubah nasdem demokrat amp pks koalisi akan rubah bijak jokowi belum masuk proyek bangun ikn infrastuktur bubar hti fpi,jokowi does not support anies antithesis jokowi is represented by the coalition of changing the democratic nasdem amp pks coalition will change the wise jokowi not yet entered the ikn infrastructure project to disband hti fpi
Sat Nov 12 05:36:01 +0000 2022,gerbang_utama,Pembangunan IKN Nusantara untuk majukan kualitas SDM dan pembangunan infrastuktur! #KotaDuniaUntukSemua #IKNSejahterakanIndonesia #IKNPemerataanEkonomi #IKNtingkatkanKesejahteraan #DukungIKNNusantara https://t.co/USjv1lQCbj,Pembangunan IKN Nusantara untuk majukan kualitas SDM dan pembangunan infrastuktur,pembangunan ikn nusantara untuk majukan kualitas sdm dan pembangunan infrastuktur,pembangunan ikn nusantara untuk majukan kualitas sdm dan pembangunan infrastuktur,pembangunan ikn nusantara untuk majukan kualitas sdm dan pembangunan infrastuktur,pembangunan ikn nusantara majukan kualitas sdm pembangunan infrastuktur,bangun ikn nusantara maju kualitas sdm bangun infrastuktur,build ikn nusantara maju quality of hr build infrastructure
Thu Nov 10 05:08:10 +0000 2022,sushiitr4shh,Mantap! Presiden Jokowi mulai bangun infrastuktur hunian di IKN Nusantara! Jambi #KotaDuniaUntukSemua #IKNSejahterakanIndonesia #IKNPemerataanEkonomi #IKNtingkatkanKesejahteraan #DukungIKNNusantara https://t.co/Jx99Rflo3Q,Mantap Presiden Jokowi mulai bangun infrastuktur hunian di IKN Nusantara Jambi,mantap presiden jokowi mulai bangun infrastuktur hunian di ikn nusantara jambi,mantap presiden jokowi mulai bangun infrastuktur hunian di ikn nusantara jambi,mantap presiden jokowi mulai bangun infrastuktur hunian di ikn nusantara jambi,mantap presiden jokowi mulai bangun infrastuktur hunian ikn nusantara jambi,mantap presiden jokowi mulai bangun infrastuktur huni ikn nusantara jambi,former president jokowi began to build ikn nusantara jambi's infrastructure
